BookID,Title,AuthorID,GenreID,ISBN,PublishedYear,PublisherID,PurchasedPrice
0001,Powerful Enchanting Chess: A Ventures of Chess,095,268,8220860420,2002.0,12,51.67
0002,Legendary Incredulous Travel: A Escapade of Travel,468,156,8701452293,1997.0,01,28.93
0003,Mighty Gorgeous Fiction: A Expedition of Fiction,021,249,2642323461,2021.0,46,67.72
0004,Sovereign Inspirational Golf: A Ventures of Golf,478,243,3753222151,2020.0,20,51.17
0005,Dauntless Gorgeous History: A Ripple of History,494,163,4190212100,1992.0,03,62.63
0006,Daring Incredible Tennis: A Escapade of Tennis,347,093,1522325515,2009.0,20,33.88
0007,Daring Astonishing Golf: A Mission of Golf,164,161,1979332620,1981.0,08,16.27
0008,Brave Mesmerizing Cricket: A Ripple of Cricket,095,050,6230695949,1987.0,16,15.77
0009,Dauntless Striking Athletics: A Ripple of Athletics,482,046,7883503630,2019.0,69,64.04
0010,Glorious Fascinating Boxing: A Spiral of Boxing,134,124,1642594323,2018.0,92,59.74
0011,Indomitable Striking Fantasy: A Wandering of Fantasy,354,205,5506789396,2021.0,03,24.84
0012,Daring Mind-Blowing Camping: A Exploration of Camping,193,226,3571925016,2005.0,09,63.01
0013,Legendary Impressive Athletics: A Wandering of Athletics,372,177,4583264281,1997.0,20,36.9
0014,Tenacious Marvelous History: A Passage of History,197,140,2125512733,2003.0,54,12.75
0015,Proud Thrilling Cycling: A Encounters of Cycling,279,060,5499850785,1995.0,91,25.01
0016,Sovereign Astounding Cricket: A Excursion of Cricket,126,019,2396215332,1990.0,62,38.34
0017,Resolute Wonderful Boxing: A Odyssey of Boxing,268,042,9635932198,2018.0,76,50.75
0018,Resolute Magnificent Travel: A Ventures of Travel,191,071,6366255143,2020.0,91,37.43
0019,Legendary Superb Sports: A Voyage of Sports,234,300,4332234792,1973.0,70,15.06
0020,Legendary Breathtaking Baseball: A Traversal of Baseball,158,255,1995579433,2012.0,03,10.59
0021,Tenacious Breathtaking Golf: A Echo of Golf,385,019,8789188649,1996.0,25,54.52
0022,Noble Inspirational Rugby: A Encounters of Rugby,230,094,6237329449,2020.0,58,16.71
0023,Brave Captivating Football: A Ripple of Football,170,201,8139659303,2006.0,09,46.07
0024,Bold Remarkable Fiction: A Experiences of Fiction,100,087,1297618989,2001.0,38,62.18
0025,Powerful Fascinating Messi: A Ventures of Messi,368,231,7274272814,1997.0,58,40.86
0026,Proud Thrilling Poker: A Voyage of Poker,237,059,1390512175,2002.0,57,17.64
0027,Robust Staggering Science: A Echo of Science,460,183,5719656496,2021.0,95,44.79
0028,Dauntless Marvelous Adventure: A Echo of Adventure,366,028,4731897905,2019.0,58,47.35
0029,Dauntless Striking Wrestling: A Odyssey of Wrestling,275,026,8781598774,2017.0,18,48.19
0030,Legendary Mind-Blowing Basketball: A Adventure of Basketball,399,028,8115583030,2019.0,09,16.94
0031,Brave Fascinating Wrestling: A Mission of Wrestling,386,181,5956288568,2018.0,04,45.73
0032,Fearless Fantastic Golf: A Adventure of Golf,366,263,9054582845,2015.0,81,27.73
0033,Victorious Outstanding Camping: A Escapade of Camping,242,060,7753181256,2016.0,31,43.78
0034,Tenacious Astonishing Baseball: A Voyage of Baseball,166,160,2151977033,2013.0,68,68.56
0035,Proud Unbelievable Mystery: A Escapade of Mystery,107,296,9798791241,2020.0,57,14.05
0036,Courageous Striking Volleyball: A Quest of Volleyball,223,037,4791273548,2010.0,04,44.25
0037,Fearless Mind-Blowing Wrestling: A Excursion of Wrestling,392,011,7750914125,2007.0,16,55.78
0038,Dauntless Splendid Science: A Discovery of Science,200,048,3151411276,2014.0,17,17.04
0039,Grand Spectacular Fantasy: A Twirl of Fantasy,042,245,3860871245,1984.0,94,60.76
0040,Stalwart Fantastic Cricket: A Expedition of Cricket,437,069,4040335446,2009.0,04,53.55
0041,Proud Staggering Tennis: A Voyage of Tennis,277,015,5473325142,1987.0,38,69.96
0042,Courageous Breathtaking Rugby: A Spiral of Rugby,450,170,5036372059,2008.0,08,11.4
0043,Tenacious Magnificent History: A Roaming of History,230,073,7615115356,2011.0,23,38.52
0044,Daring Spectacular Poker: A Roar of Poker,250,292,7762585697,2019.0,90,64.5
0045,Fierce Outstanding Poker: A Traversal of Poker,216,045,6998890596,2021.0,75,58.96
0046,Noble Mesmerizing Cooking: A Escapade of Cooking,454,163,7708725349,1995.0,71,53.86
0047,Regal Incredulous History: A Whisper of History,374,120,1924704358,2011.0,45,11.75
0048,Sturdy Thrilling Cricket: A Excursion of Cricket,175,114,6401237096,2016.0,60,58.74
0049,Victorious Enchanting Cooking: A Whisper of Cooking,395,212,9436041321,2007.0,91,36.35
0050,Robust Astounding Skating: A Exploration of Skating,389,230,3358838891,2021.0,28,53.32
0051,Sovereign Stunning Baseball: A Ripple of Baseball,061,263,3413452908,2018.0,40,50.64
0052,Victorious Superb Fantasy: A Voyage of Fantasy,054,234,5329922156,2004.0,40,36.2
0053,Epic Spectacular Romance: A Odyssey of Romance,200,237,1013295215,2017.0,25,21.45
0054,Tenacious Extraordinary Mystery: A Quest of Mystery,169,087,8041562228,2021.0,17,10.97
0055,Daring Mind-Blowing Skating: A Adventure of Skating,267,093,3031537781,2015.0,20,10.42
0056,Majestic Astounding Science: A Spiral of Science,104,146,1870694517,1999.0,83,37.51
0057,Proud Astonishing Fiction: A Quest of Fiction,054,151,4876486774,1980.0,19,51.54
0058,Powerful Spectacular Fiction: A Escapade of Fiction,084,011,5474494584,1987.0,22,46.69
0059,Brave Fascinating Swimming: A Spiral of Swimming,482,059,5047439482,2019.0,40,15.72
0060,Fierce Breathtaking Camping: A Roaming of Camping,098,069,5386819707,2016.0,59,24.11
0061,Tenacious Splendid Adventure: A Roaming of Adventure,150,099,6232141948,2011.0,22,42.95
0062,Brave Enchanting Tennis: A Adventure of Tennis,087,287,9224005757,2013.0,51,36.99
0063,Dauntless Outstanding Athletics: A Voyage of Athletics,185,178,5047292032,2019.0,90,56.17
0064,Noble Compelling Boxing: A Pursuit of Boxing,293,079,3609268355,1986.0,89,12.75
0065,Sovereign Inspirational Cooking: A Spiral of Cooking,114,199,3206422661,1995.0,100,24.36
0066,Majestic Stunning Football: A Whisper of Football,033,026,1910665350,1995.0,95,29.14
0067,Robust Marvelous Romance: A Odyssey of Romance,177,052,6184425606,2009.0,36,16.64
0068,Brave Breathtaking Hockey: A Pursuit of Hockey,194,217,2323179654,2014.0,82,63.27
0069,Indomitable Impressive Golf: A Ripple of Golf,494,227,9968302214,1983.0,60,55.06
0070,Regal Striking Chess: A Spiral of Chess,471,107,9255786634,2011.0,81,10.45
0071,Daring Amazing Poker: A Wandering of Poker,072,047,9036333195,1979.0,91,39.61
0072,Fearless Unbelievable Cricket: A Sway of Cricket,090,068,2236246151,1998.0,85,64.4
0073,Dauntless Remarkable Poker: A Traversal of Poker,411,012,8619661449,2001.0,86,11.89
0074,Resolute Amazing Athletics: A Odyssey of Athletics,021,200,5557127310,2002.0,44,69.48
0075,Bold Extraordinary Chess: A Ventures of Chess,142,255,9027580047,2016.0,92,25.31
0076,Regal Remarkable Basketball: A Escapade of Basketball,485,289,4060522633,2020.0,99,24.1
0077,Tenacious Fantastic Cricket: A Echo of Cricket,177,260,8044269713,2011.0,97,45.02
0078,Fierce Astounding Athletics: A Ripple of Athletics,418,267,3348959378,2020.0,29,27.11
0079,Indomitable Mind-Blowing Cycling: A Quest of Cycling,106,203,4228520083,2017.0,19,33.81
0080,Legendary Mesmerizing Sports: A Journey of Sports,065,267,3657298068,2011.0,92,22.93
0081,Stalwart Mind-Blowing Baseball: A Ventures of Baseball,062,267,8847216789,2004.0,88,47.63
0082,Sovereign Marvelous Cycling: A Roaming of Cycling,199,002,3508883604,2001.0,39,66.86
0083,Victorious Breathtaking Cooking: A Expedition of Cooking,256,208,4181706907,2021.0,78,46.46
0084,Fearless Splendid Mystery: A Mission of Mystery,263,080,1879074972,2004.0,78,11.79
0085,Stalwart Incredulous Messi: A Quest of Messi,189,006,5351919781,2020.0,82,44.34
0086,Mighty Extraordinary Cycling: A Voyage of Cycling,261,184,1457402021,2002.0,30,29.37
0087,Sturdy Impressive Romance: A Quest of Romance,163,263,4094365865,2015.0,98,29.64
0088,Daring Incredulous Cycling: A Encounters of Cycling,465,057,2971637930,2003.0,81,16.82
0089,Victorious Fascinating Baseball: A Passage of Baseball,314,185,2436413611,2010.0,50,47.38
0090,Tenacious Amazing Travel: A Odyssey of Travel,035,081,2897365165,1989.0,66,65.64
0091,Fearless Incredible Hiking: A Wandering of Hiking,025,066,3594277037,2014.0,98,21.53
0092,Sovereign Enchanting Camping: A Journey of Camping,359,106,7887986861,2010.0,95,51.75
0093,Powerful Fantastic Cooking: A Wandering of Cooking,333,103,3991367859,2010.0,44,46.47
0094,Daring Splendid Cycling: A Escapade of Cycling,115,208,3039711417,2019.0,48,47.42
0095,Glorious Mesmerizing Wrestling: A Sway of Wrestling,358,199,1604128964,2004.0,60,44.45
0096,Brave Fantastic Cricket: A Whisper of Cricket,108,055,3028177094,2017.0,58,20.17
0097,Epic Breathtaking Golf: A Odyssey of Golf,358,119,8427088070,2009.0,61,29.35
0098,Valiant Staggering Cooking: A Expedition of Cooking,150,066,4175347912,2019.0,20,21.01
0099,Daring Enchanting Mystery: A Experiences of Mystery,174,094,9772560586,2003.0,07,35.14
0100,Regal Captivating Volleyball: A Encounters of Volleyball,370,244,2514561228,2013.0,55,35.73
0101,Glorious Impressive Baseball: A Discovery of Baseball,297,130,7744047308,2017.0,75,11.38
0102,Bold Amazing Cycling: A Travels of Cycling,336,216,5357181132,2014.0,31,52.5
0103,Indomitable Gorgeous Tennis: A Travels of Tennis,410,073,7303502032,2007.0,50,44.66
0104,Mythical Incredulous Golf: A Echo of Golf,464,289,8053528786,2015.0,03,41.79
0105,Robust Gorgeous Soccer: A Escapade of Soccer,339,101,4353892565,1980.0,66,38.04
0106,Noble Incredulous Poker: A Ventures of Poker,146,181,8825116886,2021.0,44,22.18
0107,Triumphant Extraordinary Athletics: A Voyage of Athletics,393,102,4887632086,2006.0,55,52.48
0108,Valiant Creative Camping: A Sway of Camping,424,062,8731263194,1973.0,87,47.54
0109,Bold Fascinating Fishing: A Sway of Fishing,101,143,6926921187,2013.0,75,39.94
0110,Epic Extraordinary Camping: A Mission of Camping,018,222,3525085410,2013.0,06,43.68
0111,Grand Enchanting Boxing: A Passage of Boxing,242,282,1380638950,2012.0,99,45.86
0112,Intrepid Magnificent Golf: A Glide of Golf,333,095,9293005032,2016.0,77,11.35
0113,Sovereign Enchanting Adventure: A Cascade of Adventure,314,245,2472759531,1985.0,35,35.44
0114,Heroic Fantastic Skating: A Roar of Skating,172,114,2315061490,2021.0,12,65.47
0115,Grand Mind-Blowing Hiking: A Exploration of Hiking,256,015,3145365748,2021.0,31,57.71
0116,Epic Incredulous Cooking: A Glide of Cooking,303,083,2201245941,2021.0,07,56.75
0117,Tenacious Thrilling Science: A Roar of Science,338,217,3964600567,2017.0,63,11.9
0118,Glorious Astonishing Poker: A Pursuit of Poker,033,025,8324739320,2005.0,64,13.1
0119,Glorious Creative Sports: A Twirl of Sports,009,289,2300436729,1988.0,83,23.68
0120,Majestic Enchanting Cooking: A Journey of Cooking,413,221,8511428856,2001.0,10,31.54
0121,Majestic Staggering Hockey: A Twirl of Hockey,437,105,4464646391,1995.0,96,
0122,Triumphant Compelling Boxing: A Excursion of Boxing,107,010,4029325565,2007.0,09,32.67
0123,Resolute Thrilling Mystery: A Ventures of Mystery,480,225,7004956929,2020.0,40,
0124,Fierce Creative Basketball: A Pursuit of Basketball,362,277,9022597380,2005.0,45,63.93
0125,Valiant Creative Fiction: A Experiences of Fiction,428,112,5729333509,2021.0,61,19.19
0126,Majestic Mesmerizing Hiking: A Twirl of Hiking,325,052,6337519880,2010.0,52,58.85
0127,Majestic Inspirational History: A Adventure of History,288,266,7806302477,2021.0,45,21.31
0128,Mighty Outstanding Camping: A Traversal of Camping,365,227,2876803341,2021.0,86,46.18
0129,Epic Incredulous Poker: A Travels of Poker,305,086,2799761679,2020.0,31,40.22
0130,Sturdy Enchanting Cricket: A Travels of Cricket,234,039,3376619792,1984.0,13,19.52
0131,Intrepid Compelling Volleyball: A Excursion of Volleyball,049,060,2495684880,1975.0,16,59.34
0132,Fierce Impressive Hockey: A Echo of Hockey,057,043,9001500946,1995.0,06,52.99
0133,Daring Superb Soccer: A Wandering of Soccer,262,083,9842620691,2019.0,21,40.32
0134,Dauntless Compelling Tennis: A Enterprise of Tennis,411,163,9947187475,2005.0,94,32.44
0135,Glorious Incredible Cooking: A Enterprise of Cooking,078,027,7296721168,2011.0,55,10.79
0136,Regal Mind-Blowing Soccer: A Spiral of Soccer,410,220,2059329814,2010.0,60,12.77
0137,Stalwart Mesmerizing Travel: A Exploration of Travel,315,181,9837660433,2011.0,88,37.52
0138,Valiant Fantastic Fantasy: A Passage of Fantasy,239,146,5335038235,2009.0,95,13.43
0139,Brave Splendid Football: A Excursion of Football,288,123,6030520603,2020.0,88,12.95
0140,Epic Wonderful Cricket: A Echo of Cricket,415,260,6369038623,2020.0,66,18.12
0141,Mythical Incredulous Basketball: A Roar of Basketball,436,259,5172152611,2002.0,89,66.65
0142,Courageous Astonishing Messi: A Encounters of Messi,171,162,7828449572,2004.0,74,51.32
0143,Epic Thrilling Cricket: A Adventure of Cricket,287,039,2593933605,2009.0,70,59.74
0144,Powerful Splendid Poker: A Encounters of Poker,327,101,3235070244,2001.0,51,34.66
0145,Daring Spectacular Fiction: A Wandering of Fiction,075,252,9984258340,2014.0,13,15.11
0146,Proud Incredible Chess: A Enterprise of Chess,003,264,4478347557,2012.0,15,65.66
0147,Daring Thrilling Volleyball: A Exploration of Volleyball,155,161,1854449955,2017.0,55,42.27
0148,Daring Remarkable Mystery: A Adventure of Mystery,272,041,9942946091,2001.0,73,35.66
0149,Dauntless Stunning Boxing: A Traveling of Boxing,375,122,6002850092,2006.0,38,26.59
0150,Valiant Inspirational Messi: A Roaming of Messi,185,129,8449665324,2001.0,27,36.67
0151,Epic Staggering Science: A Voyage of Science,422,261,7451009326,2001.0,62,36.7
0152,Valiant Remarkable Wrestling: A Glide of Wrestling,116,247,8377768239,2015.0,96,13.58
0153,Bold Marvelous Baseball: A Discovery of Baseball,162,069,8871139633,2021.0,28,55.59
0154,Powerful Remarkable Camping: A Discovery of Camping,079,213,9348733237,2016.0,37,46.15
0155,Valiant Inspirational Rugby: A Enterprise of Rugby,444,074,2924052793,2021.0,82,23.91
0156,Indomitable Spectacular Rugby: A Cascade of Rugby,118,103,4360286522,2015.0,33,45.4
0157,Bold Breathtaking Tennis: A Enterprise of Tennis,313,021,5708738873,2004.0,44,24.02
0158,Heroic Unbelievable Golf: A Glide of Golf,357,038,6592909628,2013.0,77,50.25
0159,Brave Unbelievable Cricket: A Expedition of Cricket,111,047,4016519484,2003.0,46,22.71
0160,Epic Astounding Adventure: A Roar of Adventure,248,004,2847750464,2021.0,02,26.55
0161,Robust Incredulous Hiking: A Roaming of Hiking,323,074,4555561281,2015.0,39,26.19
0162,Intrepid Magnificent Golf: A Ventures of Golf,352,051,2040281411,2020.0,25,43.85
0163,Stalwart Staggering Hiking: A Voyage of Hiking,344,152,8049289543,2021.0,96,66.21
0164,Robust Spectacular Science: A Twirl of Science,412,115,1156276553,1997.0,78,48.73
0165,Proud Mind-Blowing History: A Odyssey of History,200,140,1952698700,2016.0,40,68.57
0166,Resolute Incredible Cricket: A Whisper of Cricket,017,105,4410542416,2010.0,83,33.14
0167,Brave Incredulous Mystery: A Cascade of Mystery,018,197,9028401491,2016.0,02,21.47
0168,Mythical Stunning Cooking: A Ripple of Cooking,473,267,4668672341,2004.0,38,16.55
0169,Glorious Extraordinary Athletics: A Ripple of Athletics,383,289,9696854358,2019.0,28,63.25
0170,Fearless Amazing Camping: A Escapade of Camping,110,224,9396910428,2019.0,62,26.1
0171,Brave Incredible Mystery: A Traveling of Mystery,017,220,8949993821,2013.0,09,38.66
0172,Legendary Magnificent Baseball: A Roar of Baseball,181,222,4037835104,2010.0,87,21.09
0173,Daring Captivating Sports: A Voyage of Sports,168,260,9199128929,,37,25.44
0174,Daring Magnificent Tennis: A Roar of Tennis,218,193,9498618211,2021.0,45,23.55
0175,Triumphant Fantastic Basketball: A Enterprise of Basketball,016,018,6992224612,1983.0,53,66.32
0176,Sturdy Fantastic Sports: A Sway of Sports,114,077,1709224291,2003.0,71,46.32
0177,Proud Extraordinary Swimming: A Exploration of Swimming,397,053,9988276582,2016.0,88,25.16
0178,Dauntless Remarkable Fiction: A Encounters of Fiction,181,237,6622951783,2012.0,30,62.81
0179,Powerful Captivating Boxing: A Escapade of Boxing,358,077,9762935146,1996.0,97,10.94
0180,Mighty Thrilling Cooking: A Odyssey of Cooking,378,282,7254174059,2013.0,15,42.49
0181,Tenacious Fascinating Messi: A Discovery of Messi,214,222,9860964715,2019.0,97,25.46
0182,Intrepid Mind-Blowing Cricket: A Expedition of Cricket,105,208,3391232365,2009.0,64,60.43
0183,Resolute Breathtaking Tennis: A Mission of Tennis,076,030,9968472430,1981.0,15,64.68
0184,Glorious Splendid Athletics: A Traveling of Athletics,343,110,1810106738,2016.0,01,21.81
0185,Fearless Staggering Rugby: A Experiences of Rugby,237,143,4862552436,2018.0,51,56.57
0186,Bold Captivating Skating: A Odyssey of Skating,183,196,1538226549,1997.0,50,44.19
0187,Bold Striking Cycling: A Wandering of Cycling,445,087,2098991478,2021.0,23,
0188,Grand Breathtaking Travel: A Roar of Travel,396,259,2503291262,2020.0,54,34.12
0189,Brave Fantastic Hockey: A Pursuit of Hockey,437,092,5210399103,2005.0,57,53.81
0190,Noble Thrilling Volleyball: A Journey of Volleyball,068,019,1470779775,2004.0,39,65.98
0191,Triumphant Stunning Soccer: A Pursuit of Soccer,017,042,9709965697,2006.0,49,42.34
0192,Bold Astonishing Hockey: A Exploration of Hockey,070,020,2290995585,2011.0,67,42.79
0193,Sovereign Creative Basketball: A Discovery of Basketball,182,297,9737552258,1992.0,42,46.72
0194,Victorious Incredible Athletics: A Journey of Athletics,119,269,8902365567,2020.0,89,25.38
0195,Fierce Incredible Baseball: A Sway of Baseball,377,232,8844693886,1998.0,35,24.56
0196,Heroic Superb Hiking: A Twirl of Hiking,023,125,5289218430,1992.0,43,66.58
0197,Epic Splendid Athletics: A Odyssey of Athletics,407,252,1846833541,1988.0,33,21.32
0198,Courageous Staggering Mystery: A Pursuit of Mystery,023,039,9405036928,1997.0,04,
0199,Powerful Enchanting Fiction: A Sway of Fiction,078,266,8203436418,2013.0,97,20.09
0200,Stalwart Breathtaking Messi: A Odyssey of Messi,500,277,6483517835,2017.0,84,37.41
0201,Mythical Enchanting Rugby: A Expedition of Rugby,119,151,8195180940,2021.0,80,14.15
0202,Daring Outstanding Hiking: A Pilgrimage of Hiking,083,293,5325298061,2011.0,75,25.83
0203,Heroic Splendid Camping: A Experiences of Camping,368,166,5762468241,2004.0,90,17.65
0204,Heroic Thrilling Fiction: A Traveling of Fiction,228,048,1633126811,2013.0,95,59.09
0205,Mighty Splendid Fiction: A Roar of Fiction,051,184,6000152988,1997.0,39,22.92
0206,Valiant Splendid Travel: A Exploration of Travel,425,063,5632479647,2011.0,62,68.91
0207,Stalwart Magnificent Golf: A Expedition of Golf,131,151,5359620512,2006.0,27,63.8
0208,Bold Enchanting Chess: A Adventure of Chess,370,283,1301139873,2015.0,91,20.94
0209,Brave Superb Skating: A Pilgrimage of Skating,067,002,7753832864,2015.0,60,21.43
0210,Mythical Impressive Tennis: A Traversal of Tennis,140,251,5656914339,1981.0,45,27.81
0211,Victorious Compelling History: A Mission of History,438,200,3165548966,2015.0,91,13.31
0212,Mighty Amazing Fishing: A Spiral of Fishing,456,214,4998281638,1980.0,10,43.54
0213,Legendary Fascinating Cricket: A Adventure of Cricket,274,237,6972189098,2016.0,36,24.38
0214,Resolute Marvelous Adventure: A Expedition of Adventure,366,196,5207820714,2014.0,62,60.89
0215,Stalwart Striking Fantasy: A Expedition of Fantasy,098,059,6776660396,2016.0,58,33.98
0216,Heroic Astounding Chess: A Traversal of Chess,381,223,1897638317,2015.0,78,21.64
0217,Regal Compelling Rugby: A Glide of Rugby,414,053,7213871531,1986.0,21,13.08
0218,Daring Magnificent Hockey: A Traversal of Hockey,375,161,4901865903,1998.0,49,58.88
0219,Intrepid Striking Chess: A Twirl of Chess,007,011,9495445936,2012.0,86,46.65
0220,Triumphant Incredulous Messi: A Enterprise of Messi,227,236,5219740079,1973.0,06,32.56
0221,Brave Striking Fiction: A Journey of Fiction,203,205,8193210796,2021.0,07,68.03
0222,Regal Astounding Volleyball: A Escapade of Volleyball,098,150,4280158636,2013.0,70,39.59
0223,Brave Unbelievable Poker: A Quest of Poker,065,178,8785873332,2008.0,90,66.78
0224,Grand Incredible Cricket: A Travels of Cricket,255,140,1740777910,2020.0,38,22.7
0225,Grand Fascinating Basketball: A Experiences of Basketball,125,246,4514585016,2021.0,44,27.54
0226,Stalwart Mesmerizing Fiction: A Exploration of Fiction,388,290,1652464060,2017.0,36,46.8
0227,Mighty Wonderful Swimming: A Cascade of Swimming,021,117,7362673084,1988.0,21,30.49
0228,Noble Marvelous Golf: A Spiral of Golf,348,145,9109268926,2020.0,95,47.54
0229,Fierce Spectacular Football: A Quest of Football,485,103,5075452353,2001.0,80,18.07
0230,Bold Marvelous Sports: A Exploration of Sports,393,272,8023531972,2016.0,05,13.23
0231,Sovereign Wonderful Football: A Echo of Football,172,214,5261164998,1989.0,74,32.52
0232,Resolute Incredible Volleyball: A Mission of Volleyball,330,184,4114876873,2012.0,77,38.13
0233,Indomitable Astounding Messi: A Passage of Messi,311,158,7151804877,2013.0,08,61.88
0234,Mythical Mind-Blowing Camping: A Passage of Camping,191,211,1416772047,2021.0,15,69.63
0235,Sturdy Astonishing Camping: A Roar of Camping,311,136,7314219472,2008.0,70,58.88
0236,Sturdy Marvelous Cooking: A Adventure of Cooking,427,211,8498282959,,30,59.94
0237,Intrepid Incredible History: A Pilgrimage of History,156,260,2192722390,2016.0,26,53.12
0238,Indomitable Enchanting Golf: A Expedition of Golf,339,023,3829144025,1979.0,98,33.03
0239,Sturdy Stunning Basketball: A Ventures of Basketball,091,104,5948762586,1996.0,07,12.53
0240,Fierce Fantastic Camping: A Wandering of Camping,360,142,3291326939,2007.0,98,39.54
0241,Victorious Gorgeous Skating: A Cascade of Skating,306,071,9472508378,1997.0,85,45.11
0242,Fierce Gorgeous Chess: A Experiences of Chess,355,135,7369273818,2017.0,20,40.18
0243,Brave Superb Boxing: A Pursuit of Boxing,053,298,3483707870,1996.0,66,53.4
0244,Robust Fascinating Golf: A Encounters of Golf,223,046,8145895903,2014.0,91,27.41
0245,Noble Spectacular Swimming: A Journey of Swimming,293,090,4425228768,1993.0,62,40.52
0246,Regal Striking Travel: A Traveling of Travel,230,053,1477419489,2005.0,81,39.28
0247,Glorious Mind-Blowing Hiking: A Glide of Hiking,032,167,9829433822,2014.0,62,32.1
0248,Triumphant Splendid Adventure: A Traversal of Adventure,047,116,4276746723,2017.0,38,53.38
0249,Bold Unbelievable Sports: A Pursuit of Sports,005,025,3563459044,1997.0,14,29.58
0250,Tenacious Remarkable Rugby: A Pilgrimage of Rugby,182,086,8983923173,2006.0,86,34.35
0251,Heroic Incredible Skating: A Pursuit of Skating,314,260,7623524840,2007.0,94,19.05
0252,Epic Incredulous Skating: A Encounters of Skating,289,136,1680126442,2008.0,08,46.16
0253,Robust Striking Mystery: A Experiences of Mystery,072,239,9928147439,1997.0,56,32.21
0254,Glorious Incredible Romance: A Encounters of Romance,484,081,7789328882,2019.0,69,69.57
0255,Triumphant Mesmerizing Football: A Roaming of Football,364,123,2100677107,2018.0,66,68.38
0256,Sturdy Outstanding Fiction: A Pursuit of Fiction,320,277,4560552437,2006.0,65,56.54
0257,Stalwart Impressive Hockey: A Voyage of Hockey,185,082,8544399861,1994.0,98,58.32
0258,Tenacious Spectacular Basketball: A Echo of Basketball,063,138,2042890743,2008.0,39,20.61
0259,Triumphant Incredulous Swimming: A Expedition of Swimming,472,090,5990332920,2018.0,39,25.29
0260,Dauntless Creative Soccer: A Voyage of Soccer,294,188,1346124281,2016.0,59,60.62
0261,Bold Impressive Fishing: A Roar of Fishing,073,276,9494671864,1995.0,53,51.9
0262,Dauntless Amazing Hockey: A Wandering of Hockey,037,029,5925530107,2008.0,69,11.48
0263,Indomitable Stunning Adventure: A Pursuit of Adventure,441,129,6624363004,2009.0,06,34.39
0264,Indomitable Mesmerizing Skating: A Discovery of Skating,466,015,2042112510,2008.0,23,45.23
0265,Stalwart Fascinating Rugby: A Encounters of Rugby,460,279,8476764671,2009.0,69,25.97
0266,Courageous Creative Rugby: A Roaming of Rugby,309,175,3476118015,1976.0,71,44.08
0267,Triumphant Astonishing Swimming: A Odyssey of Swimming,276,123,7848952321,2011.0,77,11.06
0268,Brave Inspirational Golf: A Traveling of Golf,206,258,3172233730,1999.0,90,27.06
0269,Daring Captivating Wrestling: A Pilgrimage of Wrestling,284,139,3170628099,2016.0,33,22.34
0270,Heroic Superb Sports: A Spiral of Sports,220,300,7093725699,2014.0,03,69.78
0271,Tenacious Outstanding Messi: A Journey of Messi,473,213,3878294021,2006.0,78,48.77
0272,Courageous Fascinating Soccer: A Travels of Soccer,196,184,2122865160,2015.0,06,57.81
0273,Indomitable Remarkable Adventure: A Ventures of Adventure,343,176,3727086089,2010.0,85,54.03
0274,Epic Splendid Travel: A Twirl of Travel,462,216,8781857289,2011.0,48,44.0
0275,Valiant Breathtaking Wrestling: A Quest of Wrestling,182,247,6023291403,1998.0,23,26.02
0276,Legendary Stunning Skating: A Escapade of Skating,435,115,9138018827,2021.0,58,22.82
0277,Legendary Incredible Science: A Traversal of Science,356,215,3831527947,2017.0,96,39.71
0278,Valiant Extraordinary Fishing: A Wandering of Fishing,212,003,7729869326,2013.0,56,64.56
0279,Grand Gorgeous Rugby: A Traveling of Rugby,441,202,9005984273,1995.0,18,65.43
0280,Grand Creative Hiking: A Wandering of Hiking,273,167,3830991377,2017.0,59,48.71
0281,Bold Magnificent Cricket: A Echo of Cricket,279,173,6655332882,1995.0,87,16.64
0282,Stalwart Creative Volleyball: A Odyssey of Volleyball,419,066,9539441175,2021.0,41,15.45
0283,Sturdy Striking Cycling: A Ripple of Cycling,097,160,8278338074,2021.0,26,34.63
0284,Brave Astounding Romance: A Escapade of Romance,003,127,7337075226,2021.0,21,55.33
0285,Noble Wonderful Boxing: A Spiral of Boxing,027,137,6278281755,2003.0,10,52.91
0286,Heroic Amazing Volleyball: A Travels of Volleyball,022,062,1699944989,2006.0,30,39.75
0287,Resolute Extraordinary Skating: A Mission of Skating,070,283,3748626974,2012.0,81,69.23
0288,Bold Incredulous Chess: A Twirl of Chess,376,286,9182677534,2021.0,65,46.31
0289,Triumphant Unbelievable Chess: A Encounters of Chess,287,204,7785814562,2006.0,71,27.66
0290,Grand Remarkable Mystery: A Odyssey of Mystery,365,088,3860630050,2020.0,36,61.08
0291,Fierce Incredulous Science: A Adventure of Science,021,067,7594680866,1999.0,81,48.58
0292,Grand Unbelievable Messi: A Pursuit of Messi,070,231,1641234986,2020.0,38,70.0
0293,Sovereign Compelling History: A Echo of History,421,067,5737458220,1997.0,04,19.9
0294,Glorious Mesmerizing Soccer: A Experiences of Soccer,255,163,3819237937,2020.0,82,67.43
0295,Resolute Fantastic Cooking: A Passage of Cooking,474,160,8466528818,2013.0,58,59.96
0296,Triumphant Captivating Rugby: A Pilgrimage of Rugby,139,276,3759602227,1984.0,26,12.97
0297,Stalwart Breathtaking Cooking: A Pilgrimage of Cooking,283,005,1960399412,2004.0,06,64.44
0298,Glorious Fantastic Rugby: A Adventure of Rugby,387,015,2206843444,2018.0,100,51.11
0299,Triumphant Inspirational Hockey: A Ripple of Hockey,367,158,7189285425,2021.0,90,69.74
0300,Valiant Staggering Volleyball: A Encounters of Volleyball,250,062,7801076283,2006.0,62,30.37
0301,Glorious Gorgeous Volleyball: A Cascade of Volleyball,139,234,2468751933,2006.0,93,65.8
0302,Mythical Compelling Romance: A Quest of Romance,172,121,5371918910,1991.0,03,38.17
0303,Intrepid Fantastic Volleyball: A Experiences of Volleyball,429,215,6891598398,2018.0,01,21.79
0304,Majestic Mind-Blowing Hiking: A Escapade of Hiking,296,089,4296938045,2004.0,49,31.07
0305,Legendary Breathtaking Skating: A Glide of Skating,447,290,7261710918,2002.0,46,29.91
0306,Fearless Mind-Blowing Hiking: A Passage of Hiking,191,243,8899564103,,50,45.86
0307,Daring Unbelievable Messi: A Exploration of Messi,357,191,2012965447,2014.0,14,56.85
0308,Powerful Amazing Science: A Twirl of Science,498,265,9025518154,1988.0,73,47.14
0309,Fierce Spectacular Athletics: A Spiral of Athletics,310,175,1571648075,1995.0,48,38.31
0310,Epic Stunning Cricket: A Mission of Cricket,462,148,4469428810,2001.0,100,11.09
0311,Valiant Fantastic Sports: A Odyssey of Sports,436,212,9850421837,1996.0,86,36.14
0312,Intrepid Compelling Romance: A Pursuit of Romance,015,300,4967154256,2016.0,19,18.14
0313,Resolute Compelling Basketball: A Passage of Basketball,428,248,6675794516,2014.0,51,65.33
0314,Mighty Fantastic Volleyball: A Expedition of Volleyball,479,026,9443582549,2009.0,66,57.45
0315,Fierce Superb Sports: A Pursuit of Sports,205,122,9948885590,2020.0,21,56.1
0316,Valiant Superb Rugby: A Expedition of Rugby,272,052,5512749655,2005.0,29,17.24
0317,Regal Unbelievable Volleyball: A Pilgrimage of Volleyball,441,288,6270255704,1998.0,66,15.95
0318,Sovereign Splendid Hiking: A Traversal of Hiking,291,085,1431491161,2021.0,01,39.98
0319,Epic Outstanding Golf: A Traveling of Golf,325,091,3922940506,2017.0,12,69.4
0320,Legendary Breathtaking Golf: A Sway of Golf,027,176,9057987156,2009.0,27,31.05
0321,Tenacious Inspirational Football: A Journey of Football,313,212,1546898008,1984.0,53,37.97
0322,Resolute Compelling Cooking: A Travels of Cooking,089,002,6258598484,2017.0,52,29.57
0323,Glorious Superb Skating: A Discovery of Skating,479,131,2011073118,2017.0,80,28.41
0324,Triumphant Gorgeous Skating: A Exploration of Skating,143,048,7919110758,2004.0,89,54.05
0325,Resolute Extraordinary Hockey: A Spiral of Hockey,401,189,8322630250,2018.0,78,44.8
0326,Heroic Fantastic History: A Travels of History,436,247,1875450476,2006.0,88,35.87
0327,Daring Splendid Romance: A Traversal of Romance,411,299,6167065200,2009.0,13,63.93
0328,Indomitable Striking History: A Twirl of History,253,278,8411232880,1997.0,68,50.21
0329,Indomitable Stunning Romance: A Ripple of Romance,277,050,9835846257,1978.0,27,52.51
0330,Sturdy Captivating Wrestling: A Traveling of Wrestling,003,031,5577163380,2009.0,72,30.12
0331,Fearless Impressive Messi: A Roaming of Messi,175,138,8627475061,2020.0,77,69.94
0332,Sovereign Striking Basketball: A Whisper of Basketball,053,063,9962480246,1995.0,74,49.84
0333,Grand Incredulous Hockey: A Roaming of Hockey,441,030,1268560504,1996.0,22,53.51
0334,Sturdy Outstanding Fishing: A Echo of Fishing,401,161,1828528760,2018.0,91,17.55
0335,Fierce Fantastic Skating: A Whisper of Skating,396,279,7469060728,2020.0,09,48.12
0336,Legendary Mind-Blowing Hiking: A Ventures of Hiking,088,219,9726007931,2017.0,62,37.15
0337,Mighty Thrilling Poker: A Sway of Poker,358,170,7290739325,2013.0,13,52.2
0338,Mighty Fascinating Chess: A Voyage of Chess,268,063,5485019773,2020.0,71,12.59
0339,Sovereign Inspirational Travel: A Enterprise of Travel,260,072,3262386813,2010.0,93,45.8
0340,Valiant Compelling Poker: A Enterprise of Poker,393,125,2846569087,2014.0,54,64.05
0341,Bold Superb Swimming: A Quest of Swimming,334,177,1255021189,1994.0,38,42.08
0342,Fierce Enchanting History: A Pilgrimage of History,387,224,7382530697,2002.0,94,49.14
0343,Fierce Splendid Messi: A Roaming of Messi,234,234,1861642890,1982.0,10,45.09
0344,Noble Spectacular History: A Excursion of History,209,067,3021468298,2019.0,20,63.74
0345,Intrepid Creative Tennis: A Ripple of Tennis,417,287,9707569809,1995.0,80,48.12
0346,Fearless Magnificent Camping: A Expedition of Camping,107,131,9806563988,2021.0,81,54.14
0347,Tenacious Remarkable Football: A Exploration of Football,114,248,6130371223,1999.0,82,58.82
0348,Triumphant Thrilling Hockey: A Cascade of Hockey,178,018,2292372121,2015.0,64,23.09
0349,Daring Mesmerizing History: A Whisper of History,385,260,3067067036,1992.0,50,29.71
0350,Heroic Astonishing Wrestling: A Voyage of Wrestling,165,136,8670694045,2008.0,33,11.08
0351,Tenacious Incredulous Soccer: A Ventures of Soccer,413,184,5169115806,1977.0,55,42.06
0352,Glorious Astonishing Camping: A Passage of Camping,480,295,4344408735,2020.0,97,34.04
0353,Tenacious Magnificent Athletics: A Echo of Athletics,017,111,6804708001,2017.0,57,47.46
0354,Sturdy Magnificent Skating: A Adventure of Skating,477,117,5775913634,2017.0,95,69.61
0355,Mythical Fantastic Swimming: A Encounters of Swimming,338,296,6217413285,1994.0,01,22.06
0356,Mythical Amazing Boxing: A Sway of Boxing,066,133,1303847590,2006.0,07,26.49
0357,Triumphant Breathtaking Volleyball: A Quest of Volleyball,229,216,8456346281,2007.0,76,51.55
0358,Dauntless Amazing Hockey: A Mission of Hockey,058,211,8728576683,2010.0,48,41.5
0359,Courageous Captivating Basketball: A Exploration of Basketball,498,056,5538222763,1976.0,69,66.55
0360,Mythical Impressive Chess: A Echo of Chess,257,006,7126995631,2010.0,59,43.04
0361,Bold Compelling Travel: A Pilgrimage of Travel,445,138,2944629424,2012.0,62,63.46
0362,Sovereign Enchanting Fantasy: A Traveling of Fantasy,411,260,8191681202,2021.0,59,63.13
0363,Dauntless Unbelievable Baseball: A Traversal of Baseball,071,288,3674503863,1983.0,77,24.69
0364,Bold Mesmerizing Rugby: A Travels of Rugby,278,064,5361842872,2001.0,77,
0365,Glorious Astonishing Swimming: A Discovery of Swimming,199,285,3531471545,1987.0,97,57.19
0366,Indomitable Fascinating Messi: A Journey of Messi,156,201,5281303226,2018.0,80,51.34
0367,Daring Creative Adventure: A Journey of Adventure,178,147,9735959227,2021.0,48,28.86
0368,Noble Stunning Poker: A Adventure of Poker,408,135,6566841022,2001.0,53,18.3
0369,Legendary Superb Football: A Echo of Football,344,217,3877040830,2010.0,27,27.23
0370,Regal Fantastic Cooking: A Cascade of Cooking,196,284,8644848320,2007.0,51,45.95
0371,Resolute Creative Wrestling: A Excursion of Wrestling,212,151,5831563967,2016.0,15,27.79
0372,Epic Unbelievable Skating: A Escapade of Skating,257,152,7157082494,2012.0,92,15.61
0373,Noble Incredulous Sports: A Travels of Sports,493,161,6911128266,1986.0,89,47.64
0374,Sovereign Gorgeous Poker: A Expedition of Poker,054,184,5876630219,1988.0,09,42.71
0375,Heroic Magnificent Cricket: A Cascade of Cricket,030,234,3415900877,2020.0,49,48.86
0376,Courageous Unbelievable Fantasy: A Pilgrimage of Fantasy,144,121,4041956046,1986.0,98,56.77
0377,Fierce Superb Rugby: A Sway of Rugby,474,094,5034298066,2013.0,88,64.79
0378,Powerful Compelling Mystery: A Traveling of Mystery,386,218,5151101653,2021.0,65,24.24
0379,Indomitable Extraordinary Boxing: A Echo of Boxing,154,052,7570563798,2000.0,75,25.77
0380,Triumphant Mesmerizing Skating: A Quest of Skating,074,206,6159700695,1981.0,25,67.17
0381,Courageous Unbelievable Boxing: A Pursuit of Boxing,333,087,3157725912,1990.0,47,67.84
0382,Bold Mesmerizing Skating: A Whisper of Skating,279,031,5138963163,2002.0,51,38.02
0383,Fearless Stunning Sports: A Discovery of Sports,102,091,5110743771,2002.0,78,41.29
0384,Courageous Creative Messi: A Twirl of Messi,086,175,1832706779,1985.0,65,33.28
0385,Sturdy Splendid Cooking: A Pilgrimage of Cooking,016,127,3372532446,2016.0,39,43.65
0386,Robust Breathtaking Football: A Excursion of Football,134,240,5670644445,1993.0,13,62.9
0387,Proud Wonderful Hiking: A Traveling of Hiking,391,015,9860696795,1999.0,50,37.51
0388,Triumphant Creative Cycling: A Roar of Cycling,395,251,4339464932,2010.0,88,41.9
0389,Sovereign Impressive Cooking: A Wandering of Cooking,309,010,3154836197,1998.0,67,36.71
0390,Resolute Captivating Messi: A Discovery of Messi,168,272,9100126951,2003.0,31,45.15
0391,Fearless Superb Camping: A Discovery of Camping,145,124,8798175976,2008.0,53,64.46
0392,Robust Unbelievable Wrestling: A Glide of Wrestling,390,184,3744185068,2020.0,27,46.73
0393,Regal Unbelievable Soccer: A Spiral of Soccer,045,144,5700897518,2013.0,53,29.31
0394,Courageous Astonishing Hiking: A Encounters of Hiking,325,122,2291757809,,52,54.4
0395,Resolute Staggering Adventure: A Ripple of Adventure,046,085,3065797361,2021.0,99,56.56
0396,Powerful Mind-Blowing History: A Escapade of History,192,066,1702181619,2011.0,83,69.84
0397,Fearless Unbelievable Travel: A Whisper of Travel,350,239,9286093556,2016.0,50,29.19
0398,Daring Impressive Adventure: A Roaming of Adventure,313,148,9048064753,1979.0,15,13.81
0399,Powerful Amazing Football: A Roar of Football,022,163,1083386613,2012.0,23,62.39
0400,Indomitable Astounding Camping: A Roaming of Camping,405,118,1739039479,2011.0,28,66.26
0401,Fearless Striking Volleyball: A Whisper of Volleyball,374,257,5520333559,2019.0,08,36.29
0402,Powerful Stunning Science: A Odyssey of Science,019,057,9708124922,2010.0,100,11.54
0403,Tenacious Fascinating Cooking: A Exploration of Cooking,500,236,2190818050,2015.0,12,60.27
0404,Brave Impressive Swimming: A Sway of Swimming,337,173,7027221251,2012.0,21,29.41
0405,Mythical Spectacular Chess: A Voyage of Chess,024,065,8363117316,2017.0,59,63.67
0406,Majestic Compelling Athletics: A Journey of Athletics,060,027,5971813126,1985.0,81,17.28
0407,Victorious Splendid Poker: A Encounters of Poker,223,186,3869033223,2003.0,11,21.27
0408,Resolute Mesmerizing History: A Glide of History,393,194,8660296457,2018.0,48,38.67
0409,Victorious Magnificent Boxing: A Encounters of Boxing,129,284,9874473738,2017.0,30,57.64
0410,Dauntless Astonishing Golf: A Excursion of Golf,183,271,1335517962,2020.0,46,69.27
0411,Majestic Splendid History: A Ripple of History,235,288,6951123724,1996.0,47,12.73
0412,Regal Astonishing Hockey: A Ripple of Hockey,220,292,3437736721,1980.0,89,61.92
0413,Bold Magnificent Golf: A Traversal of Golf,318,077,7745073938,2013.0,57,68.61
0414,Robust Spectacular Travel: A Mission of Travel,138,230,6485566227,2021.0,02,43.76
0415,Heroic Gorgeous Golf: A Sway of Golf,282,151,6624332564,2015.0,24,39.36
0416,Triumphant Fantastic Chess: A Escapade of Chess,090,271,6303396632,1992.0,39,24.0
0417,Proud Unbelievable Chess: A Travels of Chess,380,065,2523763481,2016.0,02,60.52
0418,Proud Staggering Basketball: A Ripple of Basketball,107,115,9415803673,1991.0,92,58.01
0419,Stalwart Wonderful Hiking: A Expedition of Hiking,004,251,7510389529,2018.0,44,49.96
0420,Brave Extraordinary Mystery: A Wandering of Mystery,196,121,9425881884,2017.0,29,
0421,Tenacious Unbelievable Fiction: A Encounters of Fiction,365,010,5380455199,2000.0,18,33.22
0422,Brave Gorgeous Soccer: A Roaming of Soccer,100,105,5816144673,2018.0,77,40.16
0423,Valiant Mind-Blowing Cricket: A Travels of Cricket,180,075,4327617315,2016.0,10,18.34
0424,Fearless Remarkable Golf: A Excursion of Golf,024,112,5487950628,2019.0,42,31.36
0425,Grand Captivating Camping: A Enterprise of Camping,065,174,1420301091,2004.0,85,30.76
0426,Mighty Unbelievable Fantasy: A Roar of Fantasy,136,054,3416933157,2009.0,31,56.5
0427,Resolute Astonishing Skating: A Ventures of Skating,333,037,6756141864,1995.0,46,52.46
0428,Intrepid Thrilling Poker: A Echo of Poker,177,178,7537140522,2000.0,31,57.86
0429,Intrepid Breathtaking Tennis: A Encounters of Tennis,284,194,2458891050,2016.0,61,51.54
0430,Fierce Wonderful Tennis: A Pilgrimage of Tennis,357,174,9835703085,2019.0,34,38.78
0431,Epic Splendid Football: A Exploration of Football,088,171,8097917746,2018.0,10,34.31
0432,Sturdy Marvelous Poker: A Excursion of Poker,184,251,2794324786,1997.0,47,53.66
0433,Intrepid Wonderful Science: A Whisper of Science,307,241,1163754291,1981.0,53,19.21
0434,Glorious Amazing Cooking: A Odyssey of Cooking,139,061,1726006071,2018.0,16,28.84
0435,Powerful Gorgeous Sports: A Cascade of Sports,037,169,1307970361,2017.0,31,27.64
0436,Heroic Impressive Mystery: A Roaming of Mystery,060,292,3487382330,1995.0,84,33.29
0437,Proud Striking Boxing: A Traveling of Boxing,310,167,1263491898,1987.0,94,58.7
0438,Resolute Magnificent Romance: A Twirl of Romance,001,151,9370960698,2015.0,20,50.8
0439,Brave Enchanting History: A Journey of History,489,041,1522516800,2020.0,18,39.45
0440,Glorious Magnificent Chess: A Echo of Chess,411,085,4303229760,1985.0,58,62.08
0441,Glorious Magnificent Sports: A Escapade of Sports,323,261,9735060290,2011.0,76,15.93
0442,Brave Staggering Fishing: A Expedition of Fishing,101,292,5409737539,2008.0,82,69.64
0443,Bold Astounding Fishing: A Traversal of Fishing,352,067,1347304263,2021.0,29,56.59
0444,Sturdy Thrilling Football: A Pursuit of Football,119,159,2449881928,2021.0,73,52.97
0445,Sovereign Staggering Boxing: A Traversal of Boxing,174,145,9928125257,2005.0,17,69.74
0446,Epic Marvelous Soccer: A Adventure of Soccer,254,140,2546410311,2016.0,03,41.26
0447,Sovereign Creative Rugby: A Excursion of Rugby,344,141,5843258191,2013.0,53,67.7
0448,Legendary Creative Golf: A Travels of Golf,121,217,7313533776,2006.0,09,49.1
0449,Courageous Marvelous Fantasy: A Whisper of Fantasy,116,005,9314718545,2016.0,39,60.16
0450,Intrepid Inspirational Science: A Voyage of Science,308,013,7232672593,2009.0,59,51.29
0451,Daring Remarkable Rugby: A Passage of Rugby,077,240,6895264596,2004.0,81,36.42
0452,Courageous Inspirational Baseball: A Glide of Baseball,250,181,5003000661,,34,25.02
0453,Victorious Inspirational Volleyball: A Discovery of Volleyball,323,112,4328825685,2014.0,17,36.77
0454,Victorious Mesmerizing Fishing: A Echo of Fishing,396,203,2332797789,2019.0,62,10.52
0455,Fearless Enchanting Fantasy: A Sway of Fantasy,341,245,4923362147,1993.0,57,21.19
0456,Resolute Splendid Tennis: A Escapade of Tennis,410,186,5953252196,2006.0,29,24.44
0457,Proud Stunning Golf: A Pilgrimage of Golf,469,169,6937779047,1995.0,87,30.53
0458,Powerful Outstanding Cricket: A Encounters of Cricket,154,114,9415222120,2003.0,72,10.96
0459,Mighty Creative Soccer: A Encounters of Soccer,168,147,8484838249,1985.0,10,21.31
0460,Robust Stunning Travel: A Travels of Travel,259,251,5782297453,1991.0,27,20.01
0461,Glorious Splendid Soccer: A Ventures of Soccer,071,070,8324399984,2009.0,45,62.38
0462,Triumphant Striking Camping: A Encounters of Camping,071,003,4929729394,2008.0,79,64.39
0463,Epic Incredulous Baseball: A Pilgrimage of Baseball,281,116,7945220984,2010.0,41,48.74
0464,Stalwart Fascinating Adventure: A Discovery of Adventure,278,196,1244619641,1997.0,65,52.11
0465,Noble Impressive Cooking: A Pilgrimage of Cooking,274,187,2441540474,1991.0,96,16.92
0466,Sturdy Wonderful Mystery: A Quest of Mystery,102,033,9189768058,2000.0,34,39.89
0467,Majestic Incredulous Romance: A Sway of Romance,308,090,5849734015,2019.0,35,41.2
0468,Powerful Mesmerizing Swimming: A Enterprise of Swimming,432,157,3544011648,2021.0,97,51.65
0469,Tenacious Wonderful Camping: A Encounters of Camping,298,061,6753102721,1994.0,78,46.83
0470,Fearless Astonishing History: A Adventure of History,001,036,2732325762,2017.0,62,34.98
0471,Intrepid Fascinating Science: A Ventures of Science,110,161,2283592581,2008.0,58,60.51
0472,Stalwart Splendid Fishing: A Expedition of Fishing,325,147,7011650441,1996.0,86,54.86
0473,Regal Mind-Blowing Volleyball: A Ripple of Volleyball,015,161,2824543114,2003.0,55,11.89
0474,Victorious Spectacular Cricket: A Discovery of Cricket,229,283,9602327435,2021.0,40,45.98
0475,Intrepid Marvelous Science: A Spiral of Science,484,209,5129292684,2018.0,73,51.6
0476,Regal Creative Romance: A Wandering of Romance,326,263,2752684941,2012.0,44,55.75
0477,Legendary Creative Messi: A Roar of Messi,298,242,1201644425,2005.0,07,10.23
0478,Victorious Outstanding Camping: A Experiences of Camping,298,116,4540562319,2004.0,58,60.24
0479,Sovereign Incredulous Soccer: A Spiral of Soccer,413,165,6796684173,1998.0,41,37.52
0480,Daring Enchanting Poker: A Ripple of Poker,402,223,3209864084,2012.0,62,17.99
0481,Courageous Mesmerizing Fantasy: A Ripple of Fantasy,220,167,1502536601,2000.0,35,14.71
0482,Resolute Spectacular Messi: A Quest of Messi,114,245,3129387932,1979.0,68,37.02
0483,Noble Impressive Sports: A Encounters of Sports,455,003,4261471134,2016.0,87,38.37
0484,Robust Captivating Fantasy: A Adventure of Fantasy,211,266,2415883167,2021.0,04,21.06
0485,Powerful Spectacular Volleyball: A Whisper of Volleyball,314,134,2701087652,1988.0,61,10.01
0486,Bold Impressive Messi: A Ripple of Messi,385,107,8498305957,1985.0,47,15.99
0487,Resolute Outstanding History: A Excursion of History,063,190,8346411942,2012.0,01,52.09
0488,Sturdy Magnificent Boxing: A Excursion of Boxing,476,132,8499430312,2000.0,91,40.73
0489,Intrepid Wonderful History: A Cascade of History,342,197,7287636904,2007.0,31,21.96
0490,Mythical Remarkable Cricket: A Expedition of Cricket,339,037,7664958377,2000.0,56,14.71
0491,Dauntless Magnificent Mystery: A Ripple of Mystery,429,014,6144250795,2019.0,10,16.02
0492,Regal Mesmerizing Golf: A Quest of Golf,423,154,7193627561,1990.0,84,20.05
0493,Grand Mesmerizing Baseball: A Quest of Baseball,083,019,4277982125,1995.0,32,10.18
0494,Grand Staggering Golf: A Discovery of Golf,087,285,3677107118,2016.0,56,38.27
0495,Robust Extraordinary Swimming: A Pilgrimage of Swimming,340,246,3050132401,2014.0,29,29.77
0496,Powerful Marvelous Chess: A Travels of Chess,262,191,7023033266,2018.0,56,39.59
0497,Grand Extraordinary Sports: A Enterprise of Sports,072,182,1061335987,1991.0,52,35.44
0498,Bold Fascinating Cycling: A Voyage of Cycling,230,060,8197159857,2016.0,26,66.4
0499,Powerful Astonishing Basketball: A Escapade of Basketball,200,184,7296285621,2009.0,03,61.89
0500,Fearless Striking Volleyball: A Echo of Volleyball,350,005,7739351991,2007.0,24,69.15
0501,Victorious Breathtaking Messi: A Traversal of Messi,329,276,3111890039,2004.0,78,33.4
0502,Proud Enchanting Chess: A Quest of Chess,118,157,9877089209,2012.0,68,32.54
0503,Robust Impressive Volleyball: A Mission of Volleyball,463,245,9602907067,2014.0,11,57.01
0504,Robust Impressive Soccer: A Voyage of Soccer,179,277,7548330944,2019.0,76,31.06
0505,Sovereign Gorgeous Fiction: A Traversal of Fiction,286,163,2275038145,1996.0,18,35.19
0506,Fierce Stunning Soccer: A Enterprise of Soccer,345,187,6201648067,1992.0,06,40.0
0507,Majestic Staggering Tennis: A Pursuit of Tennis,298,030,3271685060,2012.0,98,23.08
0508,Mighty Gorgeous Athletics: A Experiences of Athletics,249,103,7364371398,1997.0,53,28.2
0509,Victorious Fascinating Football: A Excursion of Football,210,085,7566805963,2014.0,78,37.58
0510,Heroic Creative Volleyball: A Sway of Volleyball,401,144,3460789196,2021.0,19,60.34
0511,Daring Enchanting Wrestling: A Whisper of Wrestling,063,010,3873971149,2019.0,56,52.93
0512,Tenacious Wonderful Chess: A Pursuit of Chess,383,110,2895717326,2020.0,49,12.95
0513,Dauntless Breathtaking Fantasy: A Encounters of Fantasy,188,040,6170375115,2019.0,99,60.11
0514,Tenacious Astounding Tennis: A Journey of Tennis,199,190,6744163281,1993.0,77,26.33
0515,Resolute Inspirational Fantasy: A Escapade of Fantasy,398,213,9642091475,1991.0,28,63.02
0516,Daring Wonderful Rugby: A Echo of Rugby,341,147,3406799833,1990.0,37,52.32
0517,Triumphant Incredulous Hockey: A Traveling of Hockey,299,147,5149969371,1998.0,11,55.41
0518,Majestic Inspirational Romance: A Mission of Romance,224,015,5953358813,2011.0,93,58.52
0519,Stalwart Stunning Rugby: A Encounters of Rugby,148,198,8732210141,2017.0,65,37.84
0520,Legendary Mind-Blowing Skating: A Journey of Skating,489,076,1245621213,2016.0,14,31.85
0521,Victorious Spectacular Fantasy: A Roaming of Fantasy,272,087,4572935135,2006.0,99,39.85
0522,Legendary Gorgeous Camping: A Encounters of Camping,142,141,7218473955,2012.0,78,45.55
0523,Majestic Enchanting Skating: A Pilgrimage of Skating,288,299,3404039142,2000.0,02,44.81
0524,Victorious Outstanding Messi: A Exploration of Messi,032,174,9616827369,1979.0,14,12.21
0525,Mythical Outstanding Baseball: A Twirl of Baseball,315,039,9405172714,2008.0,72,60.5
0526,Powerful Inspirational Tennis: A Exploration of Tennis,042,243,5974082539,1987.0,14,57.34
0527,Regal Spectacular Golf: A Roaming of Golf,371,169,7623681004,2020.0,99,49.68
0528,Mythical Captivating Skating: A Pursuit of Skating,244,097,2190001133,2010.0,13,56.75
0529,Daring Superb Fantasy: A Passage of Fantasy,017,134,6210282477,2012.0,59,32.93
0530,Valiant Creative Adventure: A Roar of Adventure,009,221,5982364662,1979.0,54,57.7
0531,Resolute Mesmerizing Fantasy: A Experiences of Fantasy,112,052,4983743479,2019.0,40,24.87
0532,Brave Wonderful Chess: A Whisper of Chess,135,239,1269930998,2002.0,08,54.32
0533,Resolute Thrilling Adventure: A Passage of Adventure,238,098,8410344441,1998.0,85,64.65
0534,Indomitable Enchanting Adventure: A Cascade of Adventure,075,210,1857733627,2012.0,07,38.7
0535,Powerful Outstanding Poker: A Enterprise of Poker,011,117,2721029115,2009.0,18,20.74
0536,Sturdy Enchanting Mystery: A Voyage of Mystery,477,250,8752225276,2009.0,54,34.54
0537,Noble Striking Cooking: A Journey of Cooking,446,298,2455196670,2021.0,40,58.07
0538,Indomitable Stunning Poker: A Roaming of Poker,315,222,2969584638,2011.0,15,55.78
0539,Victorious Incredible Baseball: A Expedition of Baseball,082,219,3403969536,2014.0,69,16.44
0540,Valiant Unbelievable Soccer: A Discovery of Soccer,155,013,6816125948,2017.0,30,41.91
0541,Resolute Marvelous Mystery: A Echo of Mystery,210,138,6704268290,2021.0,33,16.18
0542,Robust Superb Science: A Enterprise of Science,133,099,1004213253,1998.0,24,44.68
0543,Mythical Splendid Fantasy: A Encounters of Fantasy,120,298,5953164294,2020.0,88,16.18
0544,Sovereign Astounding Chess: A Passage of Chess,465,249,8098049032,1989.0,36,61.71
0545,Indomitable Incredulous Boxing: A Passage of Boxing,171,188,9342972937,2014.0,19,28.69
0546,Brave Superb Hiking: A Pilgrimage of Hiking,342,193,5789479946,2019.0,85,47.08
0547,Victorious Incredulous Travel: A Experiences of Travel,124,179,3133924363,2006.0,07,67.75
0548,Majestic Astonishing Mystery: A Quest of Mystery,104,182,1430961163,1987.0,64,24.96
0549,Bold Splendid Hiking: A Echo of Hiking,070,214,5217657869,2013.0,75,59.31
0550,Courageous Outstanding Wrestling: A Roaming of Wrestling,441,075,3638909963,1997.0,19,11.69
0551,Mighty Compelling Science: A Spiral of Science,109,108,1455229968,2014.0,55,20.02
0552,Proud Magnificent Volleyball: A Experiences of Volleyball,061,210,1329863700,2016.0,13,63.4
0553,Proud Marvelous Science: A Roaming of Science,414,118,1502995479,1998.0,86,22.02
0554,Brave Striking Skating: A Twirl of Skating,117,293,1063582743,2014.0,95,10.44
0555,Valiant Thrilling Fiction: A Encounters of Fiction,195,036,6896313369,2007.0,64,22.36
0556,Victorious Mesmerizing Football: A Adventure of Football,477,254,9077441562,2018.0,27,61.05
0557,Grand Wonderful Boxing: A Discovery of Boxing,017,089,5456475161,2010.0,26,62.04
0558,Sovereign Stunning Basketball: A Escapade of Basketball,259,222,2997924892,1997.0,74,13.72
0559,Epic Mind-Blowing Tennis: A Odyssey of Tennis,296,011,6367611933,1988.0,93,38.29
0560,Sovereign Fascinating Cooking: A Traversal of Cooking,308,178,7970329630,2013.0,57,35.55
0561,Regal Stunning Romance: A Escapade of Romance,234,062,1299436576,1984.0,83,29.74
0562,Powerful Compelling Fantasy: A Experiences of Fantasy,402,239,6658935846,,64,68.35
0563,Mythical Marvelous Fiction: A Adventure of Fiction,006,266,5958233128,1993.0,50,38.54
0564,Victorious Incredible Rugby: A Excursion of Rugby,459,043,8386806825,2010.0,85,11.04
0565,Bold Unbelievable Swimming: A Twirl of Swimming,322,221,2758822953,2004.0,36,54.41
0566,Resolute Incredulous Fishing: A Experiences of Fishing,350,138,6265951275,1987.0,20,61.81
0567,Epic Spectacular Adventure: A Travels of Adventure,022,290,2614064171,2014.0,46,40.69
0568,Daring Incredible Swimming: A Journey of Swimming,191,276,8910208046,2019.0,04,38.54
0569,Glorious Staggering Romance: A Glide of Romance,404,122,5079835694,2009.0,47,28.01
0570,Indomitable Incredible Camping: A Quest of Camping,012,104,3548185650,2010.0,59,48.87
0571,Heroic Fascinating Tennis: A Mission of Tennis,050,097,5417782323,2020.0,14,16.33
0572,Tenacious Spectacular Camping: A Expedition of Camping,081,272,8030929973,2000.0,36,21.17
0573,Regal Fascinating Messi: A Roaming of Messi,251,167,6918544440,2009.0,90,16.7
0574,Robust Inspirational Cooking: A Encounters of Cooking,172,099,6167546938,2007.0,10,56.41
0575,Stalwart Captivating Cricket: A Odyssey of Cricket,222,158,5346458683,2021.0,79,
0576,Valiant Marvelous Mystery: A Excursion of Mystery,208,178,8642280507,2014.0,07,31.49
0577,Fierce Amazing Mystery: A Twirl of Mystery,172,155,3196204093,2021.0,27,31.64
0578,Sturdy Extraordinary Baseball: A Sway of Baseball,105,277,4516234300,2007.0,81,60.46
0579,Mythical Captivating Poker: A Enterprise of Poker,036,029,4302234684,1999.0,37,35.33
0580,Dauntless Astounding Rugby: A Cascade of Rugby,127,230,4181488706,2002.0,93,31.87
0581,Fearless Magnificent Cycling: A Echo of Cycling,174,019,3316661315,1983.0,22,35.72
0582,Glorious Mind-Blowing Science: A Whisper of Science,196,167,5967588421,2018.0,20,18.07
0583,Intrepid Inspirational Camping: A Traversal of Camping,378,040,5729657926,2006.0,96,21.38
0584,Noble Inspirational Adventure: A Spiral of Adventure,440,104,1938039878,2021.0,16,37.82
0585,Tenacious Superb Wrestling: A Wandering of Wrestling,267,054,9661054024,2015.0,28,45.63
0586,Regal Stunning Messi: A Sway of Messi,166,133,4925842504,,97,15.03
0587,Sovereign Marvelous Football: A Wandering of Football,015,037,7783595079,2021.0,93,23.21
0588,Bold Enchanting Science: A Travels of Science,491,035,1279112268,1999.0,48,29.6
0589,Courageous Captivating Volleyball: A Twirl of Volleyball,185,208,6289402956,2005.0,69,26.96
0590,Brave Mesmerizing Science: A Roar of Science,033,080,4078142542,2012.0,97,38.15
0591,Resolute Creative Camping: A Spiral of Camping,230,126,6910370899,2002.0,40,42.65
0592,Grand Breathtaking Fiction: A Roaming of Fiction,265,245,5270217813,2020.0,10,64.02
0593,Mythical Incredible Golf: A Journey of Golf,085,143,6156964949,1998.0,83,11.13
0594,Majestic Captivating Poker: A Glide of Poker,003,199,6658937941,2015.0,50,22.36
0595,Sovereign Magnificent Golf: A Twirl of Golf,208,059,9957205079,2020.0,68,65.56
0596,Proud Compelling Romance: A Expedition of Romance,321,074,3094934618,2018.0,46,65.62
0597,Powerful Marvelous Football: A Enterprise of Football,104,229,3628178526,2016.0,70,25.28
0598,Legendary Fascinating Cooking: A Excursion of Cooking,405,213,7165070433,2008.0,23,18.65
0599,Proud Fantastic Hiking: A Excursion of Hiking,265,228,6029411426,1995.0,100,36.08
0600,Dauntless Superb Athletics: A Ventures of Athletics,444,136,9351287907,2020.0,23,16.28
0601,Noble Fascinating Fiction: A Wandering of Fiction,403,065,3412100196,1975.0,89,17.85
0602,Sovereign Mesmerizing Camping: A Traversal of Camping,074,116,5128125541,1989.0,40,56.77
0603,Regal Wonderful Sports: A Twirl of Sports,059,253,9471528037,2014.0,34,50.41
0604,Noble Enchanting Swimming: A Pursuit of Swimming,440,197,6794794086,2021.0,35,61.87
0605,Intrepid Unbelievable Poker: A Echo of Poker,420,085,8759354472,2021.0,43,65.25
0606,Courageous Impressive Mystery: A Traveling of Mystery,196,203,7572087912,2017.0,58,13.98
0607,Majestic Fascinating Baseball: A Adventure of Baseball,221,058,5095468138,2013.0,52,11.36
0608,Fierce Spectacular Travel: A Voyage of Travel,399,255,1061123182,2017.0,39,38.64
0609,Indomitable Amazing Sports: A Roar of Sports,156,070,3993414766,2021.0,32,61.43
0610,Heroic Enchanting Tennis: A Twirl of Tennis,281,228,9106992240,2014.0,93,24.75
0611,Brave Outstanding Sports: A Pursuit of Sports,315,232,2450951280,2005.0,70,24.49
0612,Mighty Splendid Hockey: A Whisper of Hockey,470,098,6155848815,2017.0,07,39.16
0613,Epic Remarkable Volleyball: A Escapade of Volleyball,044,137,2253059187,1976.0,09,35.27
0614,Majestic Striking Mystery: A Echo of Mystery,221,255,9232028788,2017.0,16,41.02
0615,Sovereign Astounding Basketball: A Discovery of Basketball,430,031,2036456566,2011.0,38,66.28
0616,Regal Fascinating Baseball: A Cascade of Baseball,139,023,7873582198,2000.0,82,60.75
0617,Epic Fascinating Mystery: A Passage of Mystery,270,105,4656987256,2020.0,99,58.13
0618,Heroic Staggering Golf: A Voyage of Golf,301,195,9711301752,1994.0,61,61.3
0619,Noble Astonishing Volleyball: A Travels of Volleyball,211,293,7662398586,2019.0,62,10.35
0620,Proud Spectacular Science: A Quest of Science,234,197,4989078650,2007.0,15,39.55
0621,Majestic Mesmerizing Hiking: A Encounters of Hiking,342,136,4413906042,2016.0,49,29.78
0622,Powerful Unbelievable Hiking: A Ventures of Hiking,035,255,6894576762,2008.0,26,21.35
0623,Tenacious Creative Camping: A Pursuit of Camping,354,042,5441911932,2018.0,70,22.12
0624,Mighty Remarkable Mystery: A Voyage of Mystery,151,255,4351698041,2020.0,73,54.82
0625,Fearless Staggering Baseball: A Odyssey of Baseball,397,076,1736660096,2001.0,22,46.82
0626,Noble Mind-Blowing Chess: A Voyage of Chess,181,281,8611579010,2016.0,10,34.0
0627,Victorious Magnificent Basketball: A Enterprise of Basketball,423,078,7760845956,1982.0,32,32.33
0628,Legendary Enchanting Athletics: A Exploration of Athletics,160,257,8237960326,2018.0,20,32.25
0629,Mythical Creative Cycling: A Ripple of Cycling,304,106,2645968010,2021.0,17,63.97
0630,Indomitable Staggering Rugby: A Passage of Rugby,017,098,4972356747,2008.0,75,31.54
0631,Powerful Extraordinary Sports: A Enterprise of Sports,358,073,2376311950,2018.0,24,11.52
0632,Bold Staggering Golf: A Expedition of Golf,061,297,4826395791,1999.0,31,12.93
0633,Intrepid Unbelievable Travel: A Traveling of Travel,122,088,8131265683,2021.0,54,42.15
0634,Mighty Outstanding Chess: A Excursion of Chess,342,255,8299566229,2014.0,57,47.65
0635,Stalwart Captivating Golf: A Ripple of Golf,257,033,5046307992,2017.0,23,40.47
0636,Daring Extraordinary Hockey: A Travels of Hockey,057,030,8232832154,2020.0,94,64.3
0637,Legendary Compelling Mystery: A Adventure of Mystery,283,194,9708147867,2000.0,24,29.47
0638,Resolute Staggering Chess: A Pursuit of Chess,125,102,2477235356,2015.0,42,66.08
0639,Heroic Fantastic Travel: A Discovery of Travel,037,005,5902986399,2010.0,79,24.4
0640,Mighty Thrilling Romance: A Roaming of Romance,321,058,7294919839,2019.0,100,36.18
0641,Tenacious Inspirational Messi: A Spiral of Messi,246,005,2220291234,2007.0,07,53.58
0642,Majestic Wonderful Messi: A Cascade of Messi,232,017,3225904290,2020.0,11,60.75
0643,Sovereign Breathtaking Soccer: A Traveling of Soccer,474,050,8362091684,2005.0,01,68.44
0644,Grand Incredulous Messi: A Adventure of Messi,289,146,5745650854,2007.0,95,18.47
0645,Resolute Staggering Chess: A Passage of Chess,419,144,2296634534,2018.0,70,47.92
0646,Victorious Incredulous Sports: A Roar of Sports,235,091,4915231910,1983.0,18,50.36
0647,Heroic Marvelous Chess: A Mission of Chess,043,039,2737826985,1997.0,31,25.85
0648,Fierce Astonishing Mystery: A Mission of Mystery,359,156,2484407465,2009.0,64,37.75
0649,Heroic Astounding Cricket: A Sway of Cricket,364,283,3427310763,2007.0,61,20.84
0650,Daring Fascinating Hiking: A Encounters of Hiking,057,217,1815311532,2009.0,50,46.42
0651,Heroic Fascinating Fishing: A Voyage of Fishing,481,040,7641060521,2014.0,50,22.38
0652,Tenacious Remarkable Travel: A Echo of Travel,082,088,7157275820,2007.0,47,53.26
0653,Majestic Astounding Boxing: A Experiences of Boxing,327,144,3432289446,2018.0,19,32.86
0654,Stalwart Extraordinary Romance: A Journey of Romance,061,207,3645762732,2010.0,46,44.43
0655,Courageous Unbelievable Adventure: A Travels of Adventure,114,091,8551836849,2020.0,93,14.06
0656,Daring Breathtaking Basketball: A Mission of Basketball,317,096,3950771378,2020.0,44,66.92
0657,Victorious Staggering Swimming: A Experiences of Swimming,023,061,5298758833,2015.0,54,12.6
0658,Majestic Magnificent Soccer: A Wandering of Soccer,368,001,5335729329,2010.0,50,50.76
0659,Regal Creative Rugby: A Experiences of Rugby,371,026,2464621749,2000.0,45,56.37
0660,Grand Mesmerizing Cooking: A Encounters of Cooking,375,044,6684263606,2008.0,25,65.13
0661,Stalwart Stunning Soccer: A Quest of Soccer,444,213,8157099191,2018.0,58,43.79
0662,Heroic Magnificent Romance: A Quest of Romance,311,079,3801754811,2004.0,08,55.72
0663,Sovereign Fascinating Mystery: A Exploration of Mystery,410,027,6598307004,2012.0,48,42.09
0664,Sturdy Incredible Rugby: A Expedition of Rugby,336,191,7895159998,2017.0,01,21.29
0665,Victorious Fantastic Mystery: A Twirl of Mystery,412,188,9300067519,2016.0,21,49.18
0666,Legendary Enchanting Cricket: A Excursion of Cricket,481,096,3645975748,1997.0,51,33.41
0667,Noble Enchanting History: A Passage of History,177,055,3246912708,2016.0,31,68.0
0668,Triumphant Striking Fishing: A Roar of Fishing,349,118,4966773958,2019.0,23,52.22
0669,Courageous Splendid Wrestling: A Discovery of Wrestling,005,056,9173818564,2012.0,80,28.18
0670,Legendary Extraordinary Golf: A Traversal of Golf,341,106,6480776392,1980.0,38,59.26
0671,Stalwart Unbelievable Chess: A Discovery of Chess,281,101,1080165576,2012.0,12,14.15
0672,Victorious Inspirational Romance: A Roar of Romance,189,210,6391678155,2021.0,52,48.3
0673,Intrepid Creative Golf: A Quest of Golf,271,199,2959398093,1973.0,15,11.78
0674,Dauntless Remarkable Boxing: A Glide of Boxing,107,058,4928935120,2009.0,39,47.94
0675,Majestic Breathtaking Soccer: A Whisper of Soccer,057,088,3297432785,2021.0,24,44.57
0676,Epic Impressive Rugby: A Traveling of Rugby,285,100,8732249298,2020.0,69,68.73
0677,Mythical Outstanding Fantasy: A Echo of Fantasy,314,128,1103021267,1997.0,19,13.13
0678,Dauntless Incredulous History: A Excursion of History,168,104,4909501652,1978.0,24,60.18
0679,Courageous Fascinating Rugby: A Whisper of Rugby,233,252,3962836179,1997.0,99,20.6
0680,Glorious Wonderful Cooking: A Discovery of Cooking,031,091,8386942166,2003.0,71,53.74
0681,Stalwart Remarkable Athletics: A Wandering of Athletics,116,045,7256143063,2016.0,48,18.31
0682,Regal Inspirational Tennis: A Wandering of Tennis,002,031,6254193879,2008.0,44,65.79
0683,Glorious Striking Fiction: A Excursion of Fiction,025,059,4343313627,2012.0,52,50.87
0684,Fearless Impressive Rugby: A Echo of Rugby,066,132,7589266651,2013.0,45,67.61
0685,Dauntless Fantastic Messi: A Pilgrimage of Messi,280,101,5237189856,1997.0,05,45.24
0686,Fearless Mesmerizing Tennis: A Passage of Tennis,437,013,4422655200,1982.0,42,26.48
0687,Robust Wonderful Chess: A Cascade of Chess,361,144,4362384617,1988.0,83,17.63
0688,Mythical Staggering Cycling: A Pilgrimage of Cycling,301,171,4736918762,1988.0,16,61.36
0689,Heroic Incredulous Messi: A Pilgrimage of Messi,206,098,4750912751,2011.0,32,43.81
0690,Legendary Captivating Volleyball: A Passage of Volleyball,057,255,2126028015,1972.0,54,46.03
0691,Triumphant Remarkable Fishing: A Passage of Fishing,046,113,5472437490,2018.0,45,60.39
0692,Mighty Wonderful Basketball: A Roar of Basketball,037,070,4766872819,2006.0,78,68.92
0693,Regal Captivating Hiking: A Adventure of Hiking,380,196,6520175860,2012.0,57,66.12
0694,Epic Splendid Hockey: A Quest of Hockey,217,290,6267041014,2011.0,32,67.64
0695,Sturdy Unbelievable Fiction: A Excursion of Fiction,445,203,7471015159,2021.0,63,52.48
0696,Glorious Enchanting Boxing: A Exploration of Boxing,026,022,1013245177,2021.0,54,61.3
0697,Victorious Astonishing Camping: A Spiral of Camping,139,052,5798210809,1995.0,55,11.67
0698,Majestic Astonishing Skating: A Encounters of Skating,369,141,6085215482,2012.0,20,23.85
0699,Glorious Incredible Football: A Glide of Football,007,104,9492020476,2011.0,46,28.13
0700,Heroic Mind-Blowing Fiction: A Enterprise of Fiction,369,069,7335148797,2002.0,29,45.08
0701,Resolute Mesmerizing Swimming: A Echo of Swimming,356,150,3852467453,2017.0,07,
0702,Indomitable Incredible Athletics: A Ventures of Athletics,219,032,5205529856,2010.0,21,42.37
0703,Bold Creative Messi: A Enterprise of Messi,332,286,2654375171,2001.0,37,61.9
0704,Intrepid Fascinating Hiking: A Excursion of Hiking,171,090,3941809419,2005.0,95,40.5
0705,Daring Magnificent Fiction: A Pilgrimage of Fiction,028,257,7771405584,2021.0,67,68.56
0706,Brave Mesmerizing Romance: A Experiences of Romance,110,097,1996870929,2015.0,60,24.5
0707,Sovereign Inspirational Fiction: A Mission of Fiction,402,220,8687697179,1996.0,75,29.07
0708,Bold Mesmerizing Boxing: A Ripple of Boxing,343,056,6933523743,2019.0,31,27.88
0709,Stalwart Striking Skating: A Mission of Skating,347,130,8663416095,2012.0,26,21.16
0710,Brave Incredible Messi: A Roaming of Messi,075,001,2211757347,2014.0,47,66.71
0711,Brave Incredulous Hockey: A Enterprise of Hockey,039,211,7216698659,2021.0,80,54.34
0712,Sturdy Splendid Fishing: A Sway of Fishing,195,081,2092211492,2019.0,86,33.15
0713,Bold Superb Cricket: A Roaming of Cricket,200,060,5944464679,2019.0,17,45.64
0714,Tenacious Outstanding Camping: A Spiral of Camping,495,133,5785861416,2010.0,41,42.45
0715,Resolute Superb Fantasy: A Experiences of Fantasy,480,194,9918719273,2020.0,65,46.85
0716,Stalwart Outstanding Cycling: A Ripple of Cycling,365,145,5346655529,2007.0,51,68.61
0717,Legendary Unbelievable Wrestling: A Encounters of Wrestling,386,294,1537641771,2013.0,66,24.89
0718,Intrepid Enchanting Golf: A Traversal of Golf,268,168,7564698924,,67,21.35
0719,Proud Captivating Soccer: A Roaming of Soccer,161,092,1150481703,2019.0,63,17.19
0720,Fearless Mesmerizing Hockey: A Whisper of Hockey,349,297,8018117934,2011.0,83,55.95
0721,Robust Marvelous Tennis: A Roar of Tennis,042,020,2063494446,1990.0,48,36.41
0722,Daring Fascinating Athletics: A Passage of Athletics,167,100,6691048751,2008.0,01,23.41
0723,Epic Splendid Chess: A Excursion of Chess,432,268,3993720108,2020.0,33,53.31
0724,Triumphant Staggering Athletics: A Traveling of Athletics,407,236,1964727608,1991.0,52,67.42
0725,Noble Enchanting Football: A Travels of Football,400,119,9608822072,1993.0,55,52.51
0726,Epic Mesmerizing Camping: A Passage of Camping,431,240,7910835513,2010.0,23,33.96
0727,Courageous Wonderful Cricket: A Odyssey of Cricket,152,041,4387571003,2000.0,38,43.79
0728,Triumphant Creative Chess: A Expedition of Chess,001,196,8979709245,2016.0,71,48.8
0729,Mythical Striking Tennis: A Glide of Tennis,406,097,8597673277,1996.0,97,43.86
0730,Tenacious Unbelievable Skating: A Experiences of Skating,051,214,7741386047,1996.0,82,67.25
0731,Indomitable Mesmerizing Swimming: A Twirl of Swimming,418,185,5368347968,2010.0,52,60.06
0732,Victorious Mesmerizing Camping: A Pilgrimage of Camping,149,223,4796056896,2007.0,46,12.06
0733,Valiant Fascinating Chess: A Enterprise of Chess,365,226,3124972864,2017.0,46,15.9
0734,Triumphant Remarkable Football: A Passage of Football,009,074,2045537604,1995.0,83,65.06
0735,Fearless Marvelous Cooking: A Adventure of Cooking,171,033,6042717510,1997.0,47,43.4
0736,Daring Enchanting Volleyball: A Whisper of Volleyball,429,240,3593762120,2021.0,79,69.97
0737,Stalwart Astonishing Hockey: A Glide of Hockey,319,209,4621614410,2011.0,03,24.39
0738,Fierce Marvelous Football: A Cascade of Football,076,093,3313618252,1973.0,64,55.53
0739,Mighty Incredulous Athletics: A Excursion of Athletics,068,092,4588307788,2016.0,80,12.84
0740,Proud Incredulous Science: A Whisper of Science,387,223,6459923797,1995.0,26,64.87
0741,Triumphant Breathtaking Mystery: A Echo of Mystery,367,068,4546104663,1997.0,55,55.59
0742,Sturdy Inspirational Fishing: A Ripple of Fishing,008,114,4187450716,2000.0,01,50.19
0743,Intrepid Creative Cycling: A Roar of Cycling,206,076,7162430813,1992.0,84,48.08
0744,Fearless Outstanding History: A Spiral of History,409,094,8991503709,2018.0,52,15.77
0745,Bold Incredulous Sports: A Adventure of Sports,496,073,6225900896,2010.0,02,63.91
0746,Brave Staggering Swimming: A Traversal of Swimming,077,018,2465451362,2012.0,07,20.71
0747,Grand Incredulous Boxing: A Ripple of Boxing,301,223,1934353764,2011.0,28,24.72
0748,Intrepid Gorgeous Basketball: A Whisper of Basketball,167,143,1795298661,2018.0,42,63.6
0749,Triumphant Splendid Rugby: A Quest of Rugby,060,298,3702345062,2009.0,07,28.3
0750,Noble Amazing Swimming: A Travels of Swimming,188,214,4077063527,2016.0,89,27.56
0751,Mythical Captivating Fiction: A Adventure of Fiction,214,059,4194917736,2016.0,33,56.54
0752,Stalwart Gorgeous Fiction: A Experiences of Fiction,159,049,8613248360,2021.0,12,42.73
0753,Regal Splendid Adventure: A Quest of Adventure,392,117,4255466857,2017.0,57,21.39
0754,Tenacious Stunning Golf: A Odyssey of Golf,170,030,1724902766,2006.0,01,41.71
0755,Sovereign Enchanting Volleyball: A Ventures of Volleyball,035,121,4344885245,1996.0,28,64.93
0756,Daring Striking Swimming: A Mission of Swimming,015,036,6585331060,1998.0,35,57.5
0757,Triumphant Fascinating Messi: A Pilgrimage of Messi,364,218,1180482934,2010.0,57,39.48
0758,Grand Gorgeous Messi: A Twirl of Messi,391,159,5989883255,1993.0,94,39.97
0759,Triumphant Incredible Fishing: A Cascade of Fishing,266,010,4266706298,1975.0,11,51.55
0760,Regal Breathtaking Fantasy: A Echo of Fantasy,255,141,2341025147,2019.0,46,27.42
0761,Mighty Impressive Wrestling: A Expedition of Wrestling,315,193,7145897342,2003.0,16,48.53
0762,Robust Marvelous Romance: A Wandering of Romance,496,186,5812438398,1995.0,78,48.35
0763,Daring Inspirational Cooking: A Mission of Cooking,310,252,2972130686,1996.0,32,66.27
0764,Majestic Mesmerizing Soccer: A Mission of Soccer,152,240,2656449921,2015.0,89,65.23
0765,Fearless Creative Boxing: A Passage of Boxing,229,200,7059244418,2007.0,10,23.39
0766,Tenacious Fantastic Skating: A Expedition of Skating,003,291,5953529221,2011.0,100,14.2
0767,Robust Staggering History: A Glide of History,437,183,6739801482,1994.0,68,17.46
0768,Noble Superb Skating: A Adventure of Skating,046,250,3634382218,2016.0,23,38.54
0769,Resolute Thrilling Hiking: A Enterprise of Hiking,175,102,4742043018,2001.0,70,40.92
0770,Indomitable Splendid Wrestling: A Ventures of Wrestling,325,236,4760141200,1991.0,65,32.39
0771,Valiant Spectacular Football: A Quest of Football,025,199,6389867920,2011.0,45,55.51
0772,Bold Outstanding Cycling: A Echo of Cycling,035,197,9939879312,2020.0,87,37.29
0773,Fierce Astounding Wrestling: A Exploration of Wrestling,171,080,1630709138,2012.0,39,25.4
0774,Courageous Astounding Swimming: A Roaming of Swimming,363,038,9581286805,2019.0,32,52.38
0775,Tenacious Fantastic Football: A Exploration of Football,471,108,4070829465,2010.0,42,68.79
0776,Sturdy Incredulous Adventure: A Ventures of Adventure,148,232,7425734044,2021.0,52,17.54
0777,Sovereign Wonderful Volleyball: A Expedition of Volleyball,212,078,2035543454,2001.0,97,60.64
0778,Sturdy Striking Volleyball: A Discovery of Volleyball,155,295,9879455139,2015.0,69,14.08
0779,Powerful Amazing Boxing: A Echo of Boxing,490,176,5676162467,2018.0,27,33.73
0780,Legendary Magnificent Fantasy: A Cascade of Fantasy,317,125,7603750309,2018.0,67,10.58
0781,Mythical Inspirational Fishing: A Ripple of Fishing,208,003,8086074790,2017.0,29,21.23
0782,Noble Incredible Sports: A Odyssey of Sports,281,226,6848241063,1988.0,14,23.94
0783,Mythical Marvelous Poker: A Voyage of Poker,398,297,9441371560,1997.0,70,25.88
0784,Glorious Enchanting Rugby: A Roaming of Rugby,060,055,2693514666,1983.0,57,63.81
0785,Grand Magnificent Hockey: A Pursuit of Hockey,113,020,6562393515,2018.0,72,40.0
0786,Legendary Marvelous Science: A Adventure of Science,118,200,6436191662,2021.0,38,11.07
0787,Tenacious Incredulous Science: A Ripple of Science,460,197,9464307120,2016.0,85,61.85
0788,Victorious Amazing Wrestling: A Roaming of Wrestling,408,125,7430802866,1994.0,76,27.51
0789,Epic Astonishing Tennis: A Ripple of Tennis,368,293,4061164981,1999.0,39,30.47
0790,Fierce Captivating Volleyball: A Exploration of Volleyball,407,283,4410346934,2010.0,07,38.91
0791,Brave Mesmerizing Messi: A Adventure of Messi,101,127,8915492278,2021.0,76,66.12
0792,Victorious Thrilling Golf: A Travels of Golf,103,107,6515635637,1975.0,15,20.2
0793,Powerful Incredulous Chess: A Adventure of Chess,313,106,9035976122,1975.0,93,61.12
0794,Valiant Breathtaking Mystery: A Expedition of Mystery,157,207,4332406203,2003.0,45,41.72
0795,Mythical Unbelievable Fiction: A Mission of Fiction,017,282,8751635904,2017.0,34,30.91
0796,Mythical Spectacular Fantasy: A Ripple of Fantasy,271,236,5271397828,2002.0,44,44.51
0797,Indomitable Inspirational Poker: A Cascade of Poker,140,002,3434972612,1997.0,64,24.58
0798,Sturdy Superb Football: A Experiences of Football,100,055,1805129160,2015.0,02,13.16
0799,Sturdy Superb Fishing: A Twirl of Fishing,491,020,5117027786,2009.0,61,65.5
0800,Intrepid Impressive Cricket: A Quest of Cricket,406,237,9046334923,1996.0,10,47.5
0801,Glorious Splendid Basketball: A Traveling of Basketball,322,204,5077728720,2019.0,19,14.66
0802,Courageous Incredible Cycling: A Roaming of Cycling,275,011,4018392528,2008.0,31,21.42
0803,Courageous Mind-Blowing Science: A Roar of Science,325,241,2761473490,2018.0,99,54.7
0804,Triumphant Impressive Volleyball: A Traversal of Volleyball,435,024,3764082129,2019.0,47,24.93
0805,Bold Fascinating Mystery: A Journey of Mystery,323,276,7693497812,2016.0,88,50.25
0806,Regal Impressive Basketball: A Journey of Basketball,193,229,8149753301,2008.0,86,60.42
0807,Sturdy Astounding Fishing: A Pilgrimage of Fishing,207,130,9935664594,2020.0,93,55.66
0808,Triumphant Breathtaking Football: A Whisper of Football,082,188,6838726103,1980.0,77,34.49
0809,Mighty Mesmerizing Wrestling: A Mission of Wrestling,075,226,8242996695,2020.0,15,38.33
0810,Dauntless Breathtaking Sports: A Travels of Sports,238,213,6553765336,2001.0,85,63.39
0811,Noble Fantastic Messi: A Pilgrimage of Messi,225,196,7341028824,1987.0,73,30.99
0812,Daring Fascinating Fantasy: A Adventure of Fantasy,472,011,6842058203,2019.0,21,22.72
0813,Robust Mind-Blowing Hockey: A Passage of Hockey,322,035,4535016926,2011.0,47,25.95
0814,Regal Gorgeous Wrestling: A Sway of Wrestling,402,085,4838452705,1976.0,67,50.25
0815,Glorious Remarkable Rugby: A Discovery of Rugby,267,071,9380494819,2012.0,18,34.22
0816,Heroic Striking Volleyball: A Traveling of Volleyball,373,025,5075969508,2014.0,21,21.81
0817,Mighty Wonderful Chess: A Odyssey of Chess,252,064,1035750883,1989.0,72,19.63
0818,Brave Splendid Fishing: A Adventure of Fishing,110,155,1055276518,2014.0,95,66.12
0819,Majestic Impressive Rugby: A Whisper of Rugby,395,258,6639762919,1996.0,20,21.76
0820,Legendary Incredible Cycling: A Discovery of Cycling,314,061,3481873896,2017.0,25,55.71
0821,Sturdy Breathtaking Cricket: A Escapade of Cricket,383,242,6410309097,2021.0,52,21.61
0822,Resolute Unbelievable Wrestling: A Encounters of Wrestling,017,115,1495674346,2004.0,30,22.67
0823,Noble Striking Rugby: A Quest of Rugby,080,225,4213726696,2008.0,95,40.87
0824,Bold Wonderful Athletics: A Journey of Athletics,250,141,1324203498,2000.0,33,15.34
0825,Resolute Spectacular Messi: A Discovery of Messi,159,146,7613167093,2009.0,79,66.79
0826,Robust Incredible Fantasy: A Excursion of Fantasy,155,248,4735294965,2004.0,32,63.59
0827,Triumphant Outstanding Cycling: A Travels of Cycling,449,116,2350783994,2006.0,44,66.99
0828,Tenacious Gorgeous Poker: A Sway of Poker,493,194,1552363004,2019.0,14,59.06
0829,Grand Creative Sports: A Wandering of Sports,494,196,5833907709,2013.0,47,16.41
0830,Bold Marvelous History: A Excursion of History,480,221,2815870463,2021.0,28,67.1
0831,Sovereign Breathtaking Travel: A Passage of Travel,019,137,4426509824,2001.0,19,20.67
0832,Proud Captivating Hockey: A Glide of Hockey,440,141,9617638914,1983.0,69,45.0
0833,Dauntless Marvelous Soccer: A Enterprise of Soccer,068,007,8432393731,2018.0,70,52.35
0834,Valiant Superb History: A Travels of History,321,017,4548214275,2015.0,75,36.31
0835,Triumphant Unbelievable Boxing: A Quest of Boxing,074,154,5727315462,1999.0,11,51.18
0836,Sovereign Breathtaking Hockey: A Travels of Hockey,012,242,5699960327,2018.0,50,18.04
0837,Stalwart Astonishing Fishing: A Pilgrimage of Fishing,484,251,6300435976,2002.0,80,31.2
0838,Daring Astonishing Skating: A Journey of Skating,231,271,2334989833,1994.0,28,48.81
0839,Valiant Unbelievable Adventure: A Roar of Adventure,436,052,5222227464,2004.0,26,38.49
0840,Sturdy Breathtaking Skating: A Roar of Skating,384,046,3512630795,1989.0,38,25.66
0841,Victorious Incredible Fiction: A Cascade of Fiction,326,083,5451236876,2014.0,44,58.11
0842,Mythical Extraordinary Basketball: A Adventure of Basketball,380,031,9202408971,2003.0,99,15.1
0843,Courageous Amazing Baseball: A Glide of Baseball,438,056,6505365008,2006.0,34,67.76
0844,Mighty Striking Tennis: A Ripple of Tennis,281,032,8795649553,1970.0,64,58.46
0845,Daring Staggering Rugby: A Roar of Rugby,062,053,3485146642,2015.0,35,47.84
0846,Sovereign Fantastic Volleyball: A Glide of Volleyball,014,147,2082610709,2018.0,02,60.88
0847,Sovereign Captivating Boxing: A Echo of Boxing,329,055,2999105053,2015.0,67,52.65
0848,Fearless Remarkable Messi: A Quest of Messi,288,037,3763418655,2000.0,12,38.82
0849,Intrepid Spectacular Soccer: A Passage of Soccer,022,279,1213132323,1975.0,74,12.77
0850,Mighty Impressive Poker: A Ripple of Poker,205,028,2600547876,2011.0,02,14.59
0851,Tenacious Splendid Athletics: A Traveling of Athletics,495,012,7504477734,2018.0,30,41.78
0852,Dauntless Inspirational Basketball: A Exploration of Basketball,154,001,7014116902,2007.0,40,31.63
0853,Fierce Outstanding History: A Sway of History,319,224,3943224871,2020.0,26,65.68
0854,Valiant Astounding Camping: A Odyssey of Camping,140,266,9232877097,1987.0,35,22.0
0855,Sovereign Incredible Poker: A Enterprise of Poker,307,118,1363578409,1994.0,51,32.61
0856,Mighty Gorgeous Chess: A Roar of Chess,100,078,4532647467,2009.0,63,22.72
0857,Mighty Enchanting Baseball: A Wandering of Baseball,288,280,1519072813,1994.0,10,57.08
0858,Tenacious Incredible Romance: A Enterprise of Romance,255,018,6120363566,2019.0,79,41.61
0859,Mighty Splendid Basketball: A Pursuit of Basketball,284,162,5520168496,2021.0,80,14.82
0860,Mighty Staggering Skating: A Quest of Skating,473,149,5369501234,2010.0,11,46.38
0861,Sturdy Inspirational Science: A Traversal of Science,022,132,7013805618,1983.0,48,13.73
0862,Dauntless Unbelievable Messi: A Journey of Messi,463,008,8850843190,2017.0,96,42.27
0863,Sturdy Thrilling Hiking: A Cascade of Hiking,378,296,3631791671,2013.0,100,30.9
0864,Fearless Fascinating Cycling: A Twirl of Cycling,245,075,1050179131,2018.0,86,40.99
0865,Daring Captivating Swimming: A Whisper of Swimming,219,157,8603704896,2008.0,67,59.83
0866,Victorious Impressive Chess: A Passage of Chess,475,054,1684008514,2019.0,53,67.03
0867,Daring Marvelous Baseball: A Roar of Baseball,248,015,9675777604,2018.0,57,28.57
0868,Majestic Astounding Skating: A Voyage of Skating,351,269,1777129032,2018.0,28,34.99
0869,Powerful Incredible Golf: A Passage of Golf,152,079,8035094094,1997.0,18,46.03
0870,Dauntless Unbelievable Football: A Excursion of Football,201,032,6435153487,2012.0,97,48.09
0871,Courageous Superb Fantasy: A Enterprise of Fantasy,449,136,3660543568,2021.0,24,62.59
0872,Robust Stunning Cooking: A Twirl of Cooking,317,007,6182469202,2017.0,98,19.01
0873,Heroic Breathtaking Cooking: A Ventures of Cooking,220,218,2931261011,1998.0,29,32.7
0874,Resolute Magnificent Athletics: A Traversal of Athletics,468,280,5012504148,1997.0,60,46.7
0875,Victorious Incredible Skating: A Expedition of Skating,318,255,8649979475,1990.0,42,69.49
0876,Brave Unbelievable Fantasy: A Roaming of Fantasy,476,035,7264714329,1983.0,35,66.83
0877,Legendary Fantastic Swimming: A Discovery of Swimming,261,139,1567393370,2011.0,38,58.81
0878,Regal Thrilling Soccer: A Escapade of Soccer,180,213,6734102105,2001.0,08,26.26
0879,Majestic Unbelievable Hiking: A Wandering of Hiking,330,248,8422608476,2007.0,57,41.51
0880,Glorious Fantastic Travel: A Traversal of Travel,328,110,8962940509,2000.0,70,27.05
0881,Glorious Fantastic Volleyball: A Travels of Volleyball,487,186,8460815966,2007.0,51,28.55
0882,Glorious Amazing Hockey: A Passage of Hockey,273,247,3856109150,2020.0,24,10.09
0883,Sovereign Extraordinary Athletics: A Roaming of Athletics,405,040,5514192481,2015.0,38,54.27
0884,Brave Outstanding Boxing: A Encounters of Boxing,425,297,2736215649,2005.0,87,29.41
0885,Tenacious Superb Wrestling: A Exploration of Wrestling,126,076,7681644131,1992.0,13,63.82
0886,Powerful Mesmerizing Boxing: A Experiences of Boxing,175,075,7903043175,1999.0,57,24.7
0887,Daring Enchanting Basketball: A Exploration of Basketball,472,230,4784049768,2020.0,51,45.64
0888,Fearless Enchanting Hiking: A Ventures of Hiking,342,248,4750589548,2021.0,27,63.42
0889,Bold Incredulous Tennis: A Journey of Tennis,218,190,1153838701,2001.0,76,26.32
0890,Proud Striking Volleyball: A Ventures of Volleyball,391,129,8147801708,2012.0,06,26.28
0891,Powerful Incredulous Fiction: A Adventure of Fiction,241,007,8331601518,2021.0,51,20.13
0892,Grand Outstanding Chess: A Echo of Chess,281,003,8061580912,2007.0,48,69.19
0893,Mighty Mesmerizing Poker: A Expedition of Poker,158,004,9152570992,2016.0,12,55.2
0894,Resolute Remarkable Poker: A Odyssey of Poker,365,060,8112442994,1994.0,36,22.55
0895,Triumphant Mesmerizing Adventure: A Whisper of Adventure,111,033,1275004528,2010.0,60,62.37
0896,Glorious Extraordinary Baseball: A Roar of Baseball,041,079,4453566069,2015.0,57,43.91
0897,Courageous Creative Athletics: A Exploration of Athletics,406,115,5929221750,2016.0,97,35.89
0898,Noble Mind-Blowing Tennis: A Whisper of Tennis,355,200,7751630457,2005.0,57,35.2
0899,Fearless Unbelievable Skating: A Roaming of Skating,026,231,3227997819,2020.0,99,10.64
0900,Tenacious Unbelievable Mystery: A Whisper of Mystery,370,133,5434144381,1990.0,40,24.87
0901,Triumphant Enchanting History: A Pilgrimage of History,160,091,7549980287,2016.0,69,30.83
0902,Victorious Astonishing Athletics: A Encounters of Athletics,296,228,3110270592,1997.0,96,
0903,Tenacious Compelling Skating: A Ripple of Skating,053,023,1277951618,2016.0,76,39.87
0904,Tenacious Spectacular Messi: A Quest of Messi,189,208,2675238530,2020.0,52,21.73
0905,Fierce Striking Swimming: A Ripple of Swimming,281,277,3905781382,1996.0,10,67.14
0906,Valiant Thrilling Hiking: A Exploration of Hiking,457,046,2108933768,2021.0,59,34.79
0907,Valiant Captivating Volleyball: A Escapade of Volleyball,185,239,7619403400,1989.0,56,67.35
0908,Glorious Splendid History: A Encounters of History,121,132,5032666765,2013.0,97,12.07
0909,Courageous Outstanding Swimming: A Exploration of Swimming,021,194,3088680589,1997.0,34,26.83
0910,Mythical Thrilling Cycling: A Glide of Cycling,131,269,2994347662,2007.0,79,52.43
0911,Dauntless Enchanting Wrestling: A Traveling of Wrestling,474,148,7398968974,,24,51.57
0912,Epic Gorgeous Swimming: A Ventures of Swimming,108,265,7710140047,2017.0,68,34.72
0913,Resolute Outstanding Travel: A Pursuit of Travel,052,269,6911010452,2007.0,44,59.48
0914,Legendary Enchanting Mystery: A Ventures of Mystery,129,299,6832936606,2020.0,43,58.08
0915,Daring Extraordinary Adventure: A Escapade of Adventure,251,241,7276312222,1995.0,50,57.01
0916,Victorious Spectacular Volleyball: A Odyssey of Volleyball,485,160,4310009505,2012.0,87,20.73
0917,Dauntless Gorgeous Cricket: A Ripple of Cricket,409,054,3191563938,2018.0,21,26.88
0918,Indomitable Unbelievable Romance: A Travels of Romance,389,174,7365553828,2018.0,67,32.61
0919,Grand Fascinating Tennis: A Roar of Tennis,131,120,9632323236,2012.0,97,35.74
0920,Majestic Incredible Fishing: A Traveling of Fishing,141,036,9241321127,2017.0,37,12.25
0921,Mighty Outstanding Cricket: A Sway of Cricket,399,251,7829692072,2019.0,88,68.02
0922,Powerful Fantastic Soccer: A Quest of Soccer,045,183,5874378408,2017.0,29,58.61
0923,Sovereign Breathtaking Messi: A Ventures of Messi,048,151,8069023401,,08,69.63
0924,Noble Striking Golf: A Spiral of Golf,097,048,3588798123,2012.0,54,31.76
0925,Tenacious Amazing Football: A Encounters of Football,109,229,7683632812,2018.0,01,27.4
0926,Glorious Impressive Cycling: A Discovery of Cycling,075,262,1706378923,2012.0,89,48.93
0927,Glorious Extraordinary Football: A Glide of Football,314,283,8746815151,2012.0,25,15.85
0928,Noble Incredulous Golf: A Traversal of Golf,023,065,2963044016,1996.0,39,35.52
0929,Valiant Captivating Hockey: A Pursuit of Hockey,264,255,2490128050,2020.0,29,41.92
0930,Daring Marvelous Chess: A Journey of Chess,432,041,5697357491,2021.0,59,12.15
0931,Regal Mind-Blowing Boxing: A Sway of Boxing,340,201,9844426420,2018.0,63,10.12
0932,Valiant Spectacular Poker: A Travels of Poker,346,265,1590027958,2015.0,46,14.71
0933,Glorious Striking Volleyball: A Adventure of Volleyball,149,010,6961274551,1988.0,64,59.84
0934,Sovereign Striking Cricket: A Roar of Cricket,082,183,6692699834,2004.0,22,27.34
0935,Sovereign Staggering Adventure: A Whisper of Adventure,488,185,7705743034,2018.0,91,40.39
0936,Bold Breathtaking Tennis: A Cascade of Tennis,299,055,4312704700,1981.0,30,54.42
0937,Bold Mesmerizing Hiking: A Cascade of Hiking,258,220,9992496832,1988.0,81,51.15
0938,Stalwart Captivating Volleyball: A Quest of Volleyball,150,138,7588253377,2018.0,70,32.79
0939,Fearless Enchanting Science: A Exploration of Science,362,096,3594903234,1991.0,35,39.72
0940,Legendary Staggering Fishing: A Experiences of Fishing,024,201,9277419208,2003.0,78,11.26
0941,Mighty Superb Mystery: A Travels of Mystery,282,229,5003730632,2020.0,60,49.82
0942,Noble Compelling Skating: A Ripple of Skating,267,051,9890868936,2015.0,84,21.74
0943,Glorious Remarkable Travel: A Roar of Travel,246,107,4421854927,2001.0,39,34.17
0944,Daring Marvelous Fishing: A Twirl of Fishing,005,105,6096320209,2000.0,10,11.11
0945,Stalwart Mind-Blowing Swimming: A Travels of Swimming,159,074,5585925842,2011.0,82,59.11
0946,Robust Mind-Blowing Fantasy: A Encounters of Fantasy,235,204,5903771347,1999.0,60,40.9
0947,Mythical Spectacular Hiking: A Excursion of Hiking,356,027,7231297236,2010.0,81,42.62
0948,Legendary Enchanting Rugby: A Glide of Rugby,122,199,5152683734,2007.0,95,60.33
0949,Glorious Amazing Fantasy: A Roaming of Fantasy,053,203,6103875287,2001.0,62,45.32
0950,Tenacious Compelling Travel: A Ventures of Travel,253,073,8213249752,2008.0,93,69.0
0951,Epic Staggering Camping: A Traversal of Camping,418,165,1260191450,2017.0,71,14.14
0952,Fearless Striking Skating: A Passage of Skating,436,125,4254136026,2003.0,59,69.85
0953,Proud Fantastic Messi: A Expedition of Messi,294,159,6416242394,2011.0,61,27.5
0954,Bold Amazing Mystery: A Whisper of Mystery,365,243,9144657626,2011.0,35,15.63
0955,Mythical Compelling Sports: A Roar of Sports,184,121,5567481571,1979.0,81,58.86
0956,Resolute Creative Chess: A Enterprise of Chess,341,278,4454756067,2008.0,54,52.72
0957,Fearless Fascinating Soccer: A Escapade of Soccer,244,229,1534910179,2015.0,96,17.1
0958,Intrepid Splendid Wrestling: A Exploration of Wrestling,170,035,2888525543,2014.0,60,19.69
0959,Mighty Incredible Skating: A Echo of Skating,273,160,1376024296,2018.0,64,52.87
0960,Courageous Extraordinary Sports: A Adventure of Sports,158,254,3110928107,2018.0,45,61.4
0961,Regal Breathtaking Chess: A Ripple of Chess,240,045,3800536812,1994.0,27,66.31
0962,Tenacious Gorgeous Basketball: A Glide of Basketball,403,051,6270869229,2010.0,84,30.53
0963,Fearless Gorgeous Messi: A Echo of Messi,007,156,2245744365,2013.0,92,64.0
0964,Resolute Magnificent Romance: A Travels of Romance,096,260,3415451375,2020.0,09,42.93
0965,Indomitable Remarkable Boxing: A Experiences of Boxing,230,279,9069735667,2006.0,52,19.13
0966,Indomitable Magnificent Chess: A Ventures of Chess,263,041,1656755961,2018.0,08,67.2
0967,Robust Mind-Blowing Golf: A Exploration of Golf,334,181,1855129338,1996.0,08,21.86
0968,Legendary Magnificent Tennis: A Ventures of Tennis,058,161,4138043131,2018.0,54,10.38
0969,Powerful Gorgeous Fiction: A Glide of Fiction,359,209,7734456058,2003.0,62,17.18
0970,Regal Magnificent Rugby: A Mission of Rugby,454,292,8933451517,1988.0,86,10.29
0971,Tenacious Incredulous History: A Cascade of History,187,274,1721495291,2015.0,36,56.17
0972,Dauntless Enchanting Athletics: A Experiences of Athletics,244,057,2905257724,2006.0,06,47.75
0973,Intrepid Amazing Baseball: A Ventures of Baseball,493,033,1012643587,1988.0,71,10.23
0974,Brave Mind-Blowing Camping: A Quest of Camping,465,200,8474167044,1987.0,03,42.32
0975,Heroic Marvelous Wrestling: A Mission of Wrestling,123,282,9299916550,1987.0,84,35.63
0976,Legendary Breathtaking Baseball: A Pilgrimage of Baseball,241,215,4888631049,2019.0,52,28.22
0977,Sovereign Extraordinary Adventure: A Escapade of Adventure,084,038,5594644234,1990.0,76,31.18
0978,Triumphant Superb Fiction: A Journey of Fiction,283,198,5583775500,1997.0,49,56.99
0979,Noble Breathtaking Wrestling: A Travels of Wrestling,465,165,6583033614,2008.0,50,10.9
0980,Legendary Stunning Football: A Glide of Football,044,259,8083834642,2005.0,27,29.05
0981,Legendary Superb Cycling: A Traversal of Cycling,367,021,3950270228,1994.0,06,34.13
0982,Majestic Staggering Boxing: A Exploration of Boxing,345,234,3615629076,2011.0,24,12.97
0983,Proud Outstanding Fiction: A Traveling of Fiction,428,050,2099965718,2020.0,25,43.23
0984,Heroic Outstanding Golf: A Escapade of Golf,188,087,4115220247,2017.0,15,28.76
0985,Tenacious Marvelous Baseball: A Traveling of Baseball,426,158,5817145114,2016.0,99,23.92
0986,Tenacious Breathtaking History: A Roar of History,393,065,6226663198,2011.0,75,39.53
0987,Legendary Stunning History: A Wandering of History,474,163,3210510112,2016.0,07,56.88
0988,Mighty Spectacular Fiction: A Ripple of Fiction,457,197,1198178081,2020.0,11,22.7
0989,Epic Spectacular Cooking: A Twirl of Cooking,294,112,1703618337,2009.0,54,21.6
0990,Valiant Outstanding Skating: A Pursuit of Skating,380,052,5672636550,1994.0,01,10.89
0991,Daring Spectacular Chess: A Ripple of Chess,314,156,3155468072,1984.0,12,51.98
0992,Heroic Fantastic Science: A Experiences of Science,377,062,7167100715,1999.0,14,69.96
0993,Brave Incredulous Messi: A Journey of Messi,110,232,8446367532,2013.0,95,48.16
0994,Regal Amazing Adventure: A Voyage of Adventure,159,264,7805744941,2010.0,96,20.91
0995,Regal Outstanding Camping: A Escapade of Camping,039,142,1057750830,2021.0,40,58.84
0996,Stalwart Incredulous Rugby: A Excursion of Rugby,079,055,3853283115,2006.0,31,14.48
0997,Sovereign Splendid Chess: A Glide of Chess,233,275,1585456945,1993.0,70,27.58
0998,Powerful Amazing Skating: A Mission of Skating,080,086,5589026611,2007.0,85,36.3
0999,Regal Staggering Messi: A Traversal of Messi,308,097,7100301110,1999.0,93,38.26
1000,Sturdy Inspirational Mystery: A Traversal of Mystery,316,097,1716315960,2021.0,91,12.33
1001,Resolute Magnificent Fantasy: A Exploration of Fantasy,064,281,2319296314,2014.0,03,10.33
1002,Legendary Enchanting Chess: A Odyssey of Chess,099,236,7520556862,1997.0,51,25.77
1003,Sovereign Enchanting Mystery: A Echo of Mystery,129,293,8822447935,2021.0,49,45.92
1004,Fierce Astonishing Golf: A Traveling of Golf,194,187,9994624833,2015.0,51,16.7
1005,Powerful Wonderful Camping: A Excursion of Camping,043,149,5051168579,2004.0,93,34.99
1006,Bold Unbelievable Camping: A Excursion of Camping,082,204,6270646084,2007.0,82,62.99
1007,Glorious Captivating Travel: A Cascade of Travel,063,233,7278989453,2018.0,43,45.49
1008,Grand Fascinating Swimming: A Exploration of Swimming,067,053,1464581959,2011.0,30,44.07
1009,Regal Incredulous Hockey: A Journey of Hockey,388,109,3537958727,2008.0,77,28.52
1010,Legendary Enchanting Adventure: A Spiral of Adventure,484,055,5248528201,1996.0,41,18.02
1011,Dauntless Mesmerizing Baseball: A Excursion of Baseball,039,276,1013976907,2020.0,08,38.55
1012,Intrepid Inspirational Golf: A Passage of Golf,451,260,9576515404,2012.0,67,45.87
1013,Triumphant Staggering Romance: A Pursuit of Romance,442,280,4188163917,2019.0,56,41.57
1014,Sturdy Remarkable Cricket: A Adventure of Cricket,070,158,4259485519,2016.0,49,42.62
1015,Victorious Extraordinary Fishing: A Travels of Fishing,261,287,2626703184,2004.0,99,61.14
1016,Robust Extraordinary Golf: A Journey of Golf,420,280,8780830545,2020.0,76,53.71
1017,Stalwart Wonderful Baseball: A Excursion of Baseball,318,149,5749294931,1988.0,68,41.61
1018,Bold Inspirational Chess: A Spiral of Chess,351,271,2396645204,2020.0,88,15.17
1019,Noble Fascinating Fishing: A Roaming of Fishing,291,145,5395134293,2020.0,28,59.17
1020,Fearless Astonishing Cooking: A Glide of Cooking,447,255,7795758934,2000.0,90,39.05
1021,Courageous Gorgeous Golf: A Discovery of Golf,342,100,8007329620,2007.0,85,19.97
1022,Noble Captivating Swimming: A Exploration of Swimming,350,290,7403894616,1993.0,49,57.19
1023,Sovereign Astonishing Fiction: A Sway of Fiction,395,146,7963557725,2013.0,88,69.01
1024,Bold Striking Skating: A Ventures of Skating,214,006,2611177314,2014.0,60,25.44
1025,Courageous Marvelous Wrestling: A Passage of Wrestling,473,105,9062018916,2008.0,40,30.08
1026,Courageous Creative Chess: A Cascade of Chess,423,011,5060370277,1981.0,14,17.79
1027,Fearless Compelling Cooking: A Sway of Cooking,023,205,5059028838,2019.0,97,39.81
1028,Proud Incredulous Mystery: A Discovery of Mystery,368,112,7669151592,1994.0,14,45.4
1029,Triumphant Inspirational Mystery: A Odyssey of Mystery,137,098,1850890090,2001.0,64,43.64
1030,Proud Captivating Football: A Roar of Football,495,093,9345118060,2017.0,56,28.77
1031,Grand Astounding Fiction: A Encounters of Fiction,481,021,7981195118,1994.0,80,20.23
1032,Glorious Stunning Golf: A Escapade of Golf,390,029,2700875634,2020.0,83,53.36
1033,Dauntless Inspirational Cycling: A Discovery of Cycling,135,051,3449106291,2008.0,38,57.08
1034,Grand Outstanding Golf: A Voyage of Golf,026,021,7387342709,2019.0,94,30.72
1035,Majestic Remarkable Cooking: A Enterprise of Cooking,470,194,8820352886,2014.0,85,49.7
1036,Intrepid Stunning Mystery: A Roar of Mystery,006,039,6932830073,1988.0,01,63.86
1037,Proud Astounding Rugby: A Passage of Rugby,111,164,3335458686,2020.0,46,45.25
1038,Noble Staggering Fishing: A Escapade of Fishing,080,195,2159406974,2013.0,28,62.09
1039,Sovereign Breathtaking Fiction: A Passage of Fiction,263,215,2468927358,1997.0,34,14.38
1040,Fierce Mesmerizing Poker: A Odyssey of Poker,317,209,1417097089,2017.0,31,63.98
1041,Robust Splendid Skating: A Encounters of Skating,235,145,5157345159,1981.0,15,55.47
1042,Sturdy Astounding Soccer: A Wandering of Soccer,161,041,1360613258,2008.0,32,40.16
1043,Sturdy Fascinating Messi: A Quest of Messi,246,295,9672707978,2013.0,36,55.53
1044,Powerful Fascinating Wrestling: A Journey of Wrestling,342,225,9384511371,2008.0,13,69.66
1045,Triumphant Incredible Tennis: A Travels of Tennis,306,042,7373881229,1980.0,74,64.18
1046,Fierce Outstanding Soccer: A Roar of Soccer,002,255,8728174481,2003.0,56,14.3
1047,Grand Staggering History: A Travels of History,201,048,5652688789,1993.0,71,61.21
1048,Heroic Mind-Blowing Football: A Cascade of Football,053,016,7043981205,2015.0,08,65.04
1049,Fearless Creative Volleyball: A Enterprise of Volleyball,025,030,3807367063,2020.0,77,56.49
1050,Victorious Unbelievable Chess: A Whisper of Chess,077,274,8909711256,2005.0,45,18.07
1051,Stalwart Compelling Rugby: A Glide of Rugby,331,241,7894359960,2018.0,89,64.0
1052,Tenacious Astonishing Baseball: A Spiral of Baseball,351,109,2387920794,2020.0,78,11.32
1053,Mighty Marvelous Skating: A Whisper of Skating,410,279,9968451484,2019.0,32,11.01
1054,Grand Enchanting Football: A Odyssey of Football,013,199,4925114272,2012.0,16,61.63
1055,Stalwart Unbelievable Mystery: A Spiral of Mystery,296,264,2081507238,2014.0,72,61.81
1056,Noble Compelling Skating: A Pursuit of Skating,295,116,5976657831,2020.0,04,68.34
1057,Sovereign Stunning Messi: A Wandering of Messi,413,280,4827932584,1975.0,89,63.12
1058,Sturdy Fantastic Skating: A Discovery of Skating,002,128,4242448298,2012.0,42,33.84
1059,Fearless Extraordinary Travel: A Sway of Travel,198,048,8703938478,1975.0,98,
1060,Proud Astounding Chess: A Encounters of Chess,337,263,6103824305,2011.0,34,69.77
1061,Bold Gorgeous Soccer: A Echo of Soccer,495,046,5547106225,2016.0,44,67.09
1062,Majestic Mesmerizing Chess: A Enterprise of Chess,353,232,8190920627,2007.0,34,26.75
1063,Valiant Compelling Baseball: A Wandering of Baseball,202,182,1060992948,1982.0,34,68.3
1064,Proud Captivating Football: A Echo of Football,320,080,5339178930,2003.0,83,16.88
1065,Powerful Enchanting Soccer: A Exploration of Soccer,351,150,1478750134,2018.0,13,36.09
1066,Resolute Incredible Hiking: A Traveling of Hiking,042,009,9951070134,1992.0,78,59.69
1067,Tenacious Incredulous Boxing: A Escapade of Boxing,413,141,5189877688,2012.0,21,50.39
1068,Noble Mesmerizing Romance: A Echo of Romance,040,046,1095245753,2020.0,85,12.63
1069,Powerful Astounding Wrestling: A Roar of Wrestling,498,271,4861751226,2019.0,13,67.42
1070,Resolute Fascinating Golf: A Passage of Golf,128,106,6317090748,2019.0,43,30.63
1071,Intrepid Staggering Tennis: A Wandering of Tennis,095,235,1827995580,1999.0,07,29.17
1072,Glorious Creative Swimming: A Experiences of Swimming,076,001,6254245822,2001.0,99,34.82
1073,Fierce Mind-Blowing Chess: A Roaming of Chess,340,122,2746595265,2020.0,59,41.23
1074,Courageous Splendid Cooking: A Spiral of Cooking,143,180,6306152386,2017.0,38,11.01
1075,Fearless Magnificent Messi: A Glide of Messi,002,164,9895860167,2008.0,87,39.11
1076,Mythical Stunning Athletics: A Experiences of Athletics,195,234,2994278347,2005.0,95,21.14
1077,Brave Thrilling Cricket: A Pilgrimage of Cricket,198,126,2766065611,2015.0,30,11.7
1078,Fearless Incredulous Cooking: A Traveling of Cooking,351,256,8401553356,2013.0,30,18.32
1079,Brave Enchanting Sports: A Pilgrimage of Sports,341,157,5079660494,1984.0,46,29.23
1080,Brave Splendid Baseball: A Excursion of Baseball,357,063,1770997714,2012.0,68,31.47
1081,Victorious Extraordinary Rugby: A Traversal of Rugby,287,252,3916101588,2011.0,51,61.61
1082,Robust Enchanting Messi: A Passage of Messi,077,279,6284822489,2019.0,80,41.7
1083,Regal Extraordinary Golf: A Whisper of Golf,316,156,3466700762,2021.0,44,65.38
1084,Mighty Spectacular Rugby: A Journey of Rugby,457,121,5031512028,2020.0,95,69.96
1085,Dauntless Stunning Hiking: A Excursion of Hiking,486,061,6576420829,1999.0,95,44.49
1086,Triumphant Mesmerizing Golf: A Exploration of Golf,484,076,3304171488,2013.0,54,49.36
1087,Robust Thrilling Hockey: A Traversal of Hockey,069,115,6911352804,2006.0,27,57.88
1088,Dauntless Incredulous Sports: A Traversal of Sports,232,216,5945366504,2010.0,38,35.76
1089,Epic Incredible Adventure: A Pursuit of Adventure,359,078,9197375465,2021.0,20,41.67
1090,Intrepid Fascinating Messi: A Escapade of Messi,012,023,4923197416,2019.0,42,37.45
1091,Daring Magnificent Sports: A Sway of Sports,204,126,5927974897,2020.0,09,40.63
1092,Noble Gorgeous Wrestling: A Escapade of Wrestling,486,219,8548255730,1986.0,04,19.14
1093,Victorious Wonderful Boxing: A Escapade of Boxing,209,217,9773340658,2017.0,25,30.43
1094,Noble Incredible Romance: A Mission of Romance,118,060,3709222900,2020.0,88,36.15
1095,Epic Mesmerizing Wrestling: A Traveling of Wrestling,097,019,7497922549,2013.0,26,52.4
1096,Triumphant Gorgeous Tennis: A Mission of Tennis,452,009,4466438134,1992.0,21,54.33
1097,Fierce Magnificent Science: A Roaming of Science,253,261,9580662778,2003.0,42,69.02
1098,Sovereign Astounding Boxing: A Escapade of Boxing,283,028,2561492988,2012.0,27,28.76
1099,Bold Astounding Science: A Travels of Science,216,126,3091800061,2011.0,25,20.84
1100,Grand Creative Boxing: A Enterprise of Boxing,012,195,5428531198,2020.0,99,51.34
